lei,country,parent_country
029200328C3N9YI2D660,NG,
02S2RPPVO9RP4NEU2740,US,
02VFQXG2D1LR5ZH3K186,US,
06BTX5UWZD0GQ5N5Y745,US,
06LJQCOVPRXOPDHFC707,US,
06ZODLC132CY1O2Y7D77,US,
08IRJODWFYBI7QWRGS31,US,
097900BHFM0000074794,SK,
0BGI85ALH27ZJP15DY16,US,
0EEB8GF0W0NPCIHZX097,US,
0KLLMNHINTFDRMU6DI05,LU,
0NIFZ782LS46WOC9QK20,US,
0NZWDMRCE180888QQE14,US,
0O4KBQCJZX82UKGCBV73,CA,
0RL818ELFOHP5JHOFU19,US,
0SK1ILSPWNVBNQWU0W18,DE,
0TMBS544NMO7GLCE7H90,GB,
0V5453U14HDZO63CGH17,US,US
0W2PZJM8XOY22M4GG883,DE,
0W5QHUNYV4W7GJO62R27,AT,
0W9AIBT6U6ADJ2I8HK17,US,
0XOOAY5P5J7Q734SEC89,US,
0YQH6LCEF474UTUV4B96,NL,IT
1128SIJQ26096WL7IO82,US,
11KYOFXPU1C4CQL1CL44,US,
11XPYHB76MPM4Y4P2897,US,
123WALMHY1GZXG2YDL90,US,
13250000000000000204,MU,
14OS6Q5N55N95WM84M53,US,
1595924HTU9X48FNCS59,DK,
165GRDQ39W63PHVONY02,CH,
1B4S6S7G0TW5EE83BO58,US,
1DU7IM20QESYGDO4HO54,US,
1FOLRR5RWTWWI397R131,SE,
1FRVQX2CRLGC1XLP5727,US,
1HNPXZSMMB7HMBMVBS46,US,
1IE8VN30JCEQV1H4R804,US,
1JDCK5BUVTXRHQBEPT93,SE,
1KF1J2NXQE2PI0QOB943,US,
1VUV7VQFKUOQSJ21A208,FR,
1Z4GXXU7ZHVWFCD8TV52,US,
1Z5XNJ6GMBVHFWE2W878,US,
207ALC1P1YM0OVDV0K75,US,
20S05OYHG0MQM4VUIC57,US,
21380012DN57CMIGJT65,GB,
21380012LWLXNMXB8I44,JE,
21380018AJDKNF3A6712,GB,
2138001H1M69RFJCSH88,KZ,
2138001K2FX6SHK2B339,GB,
2138001LVYC87DDHT482,GB,
2138001P49OLAEU33T68,GB,
2138001S47XKWIB7TH90,GB,
2138001TCZGXYSUJLZ52,GB,
2138001V85JLYR7AUB61,GB,
2138001WO21Z3B8Y8K20,DE,
2138001ZJKQ5U81RMY52,GB,GB
213800227GGD6UI7PI97,GB,
2138002C1D5FMEDILF18,GB,
2138002D68XDR4LZCG32,GB,LU
2138002DQL2YD4S8HE87,AE,
2138002DRBYIA8QXHO36,GB,
2138002EPF6QVRZBMC58,JE,
2138002G6EP1VAWYE654,GB,
2138002JNX4ZKQI8OU17,GB,
2138002K6ECECHVCQN25,GB,
2138002P5RNKC5W2JZ46,GB,
2138002PVBMEHILJ1340,LU,
2138002RKCU2OM4Y7O48,GB,
2138002XO5EAYFHPPT53,US,
2138002Y3WMK6RZS8H90,AE,
213800313INX42GDLR44,GB,
21380033K525E5JLIA77,KY,
2138003CSNVJEPFZ3U52,GB,
2138003EKTMKZ5598902,GR,
2138003JYQMRP3SLX189,US,
2138003P9CSDW7P4MT75,MU,
2138003QX1RSCHWUB420,LU,
2138003TS48MQKF4BZ29,GB,
2138003UU2QWCGDO2S66,IE,
2138003ZT9D4XTRSWE21,GB,
21380041YBGOQDFAC823,GB,GB
2138004624W8CKCSJ177,JE,
2138004BCYGT82KFW603,IE,
2138004FIUXU3B2MR537,PT,
2138004G59FXEAZ6IO10,GB,
2138004HC83AB2ENIZ64,MU,
2138004JDDA4ZQUPFW65,US,
2138004KW8BV57III342,FR,
2138004LSZE37TGO8788,AT,
2138004N53RFLL6JDQ41,GB,
21380056VIC699RDGA46,GB,
213800573TEIBOSTZX92,SE,
2138005DUW411BCF1W88,GB,
2138005FTXOJUBQ5J563,ES,ES
2138005GUMKABRAKJU30,NL,GB
2138005GYEXN7XRHFA84,US,
2138005HL9O4VFW2HY47,GB,
2138005O9XJIJN4JPN90,GB,
2138005PCUTH59D4RJ83,NL,SA
2138005QTX8CMPSEOS15,GB,
2138005RN5XYLTF8G138,GB,
2138005UZV4ZT2B2ZO19,GE,
21380068LJCDYA42GJ76,EG,
21380068TTB6Z9ZEU548,IM,
2138006DKFAJ6JXW6Z39,GB,
2138006KF8SVD28K9813,GB,
2138006L2SAAXQLMKN78,ES,
2138006NA5VAMMBK3892,GB,
2138006TSNBEUA761G16,GB,GB
2138006UWPZAB1A75680,VG,
2138006X6O82RJSQDB63,GB,
2138006Z5V8OBL2A2Q06,GB,
21380072EMKFDZSTLD28,GB,
21380072JDZ74GW9ZY87,GB,
213800745ZIXC4L6A131,IM,
2138007FOINJKAM7L537,GB,
2138007G2O318DN74U90,KY,
2138007HSXUG9JSVXB85,CH,
2138007JNS19JHNA2336,CH,
2138007RI9GLJPCC3E25,LU,BM
2138007T8RLEVDMLQ257,GE,
2138007XGRZME1ZCTY76,JE,
2138007YTG2ORNIGUJ66,US,JE
2138007Z3U5GWDN3MY22,GB,
2138007ZFQYRUSLU3J98,GB,
2138007ZSQ7B17SKOX77,CA,
21380081EP12LC86CB82,GB,
21380087GQQTIHCRLU65,GB,
2138008AVF4W7FMW8W87,RO,
2138008F9VZUZWUBZD27,GB,
2138008GSNH2EM5YC581,GB,
2138008J191VLSGY5A09,BE,
2138008L3B3MCG1DFS50,GB,GB
2138008LJU6WFQWOXJ73,GB,
2138008M6MH9OZ6U2T68,GB,
2138009113L7IDGEM175,GB,GB
21380092DY1X4BHPMA32,LU,
21380094SBEIOBDS8O41,GB,GB
21380096JRTWB8TL9236,KY,
2138009A8DWW2RUSXJ76,GB,IE
2138009B37VJ9VOWAO51,NL,
2138009C3Q3W1YRNOL83,GB,
2138009IE9A35LO5JS73,KY,BM
2138009P1ZT8JPYGUB82,GB,
2138009UNXTD8EYS5M35,CN,
2138009Y59EAR7H1UO97,LV,
2138009YFYTGEHZNNZ09,GB,GB
2138009ZFBGRSP57KS35,GB,
213800A4LTGG4W55QP46,LU,SE
213800A54KIUYH5YD185,SA,
213800A6T7362M7XHO44,GB,
213800A838TK57XOB584,GB,GB
213800A8IQEMY8PA5X34,GB,
213800A9FKHWR4AHQG70,PT,
213800ADJSQQI3UH6Z36,GB,
213800AGL5LRVQNANS48,SK,
213800AJ4DD69YLNL348,BM,
213800AJC8I72ZCD2E71,GB,GB
213800AMAL5QFXVUCN04,BM,
213800AOOCT6JKFY6Z68,GB,
213800AQVHS7SCC93B80,AU,
213800B2CJAR5PQX6W68,GB,
213800B5BEW3DGUVHO57,DE,
213800B9BFRCA1YMEI57,GB,
213800B9U45TFBXW5K67,GB,
213800BAQB59IVKP7S93,LU,
213800BBECR1I9FTPZ70,AE,
213800BC45UCMQYR4995,GR,
213800BJV32JT6IRCS96,GB,GB
213800BKUBSWG53XNS94,AU,AU
213800BLOAKXC1BXLJ29,GB,
213800BMMUN3AKWBIO91,GB,
213800BNPFXIGDAFQL81,IE,
213800BPK5X4TY4RZ619,GB,
213800BXKQ9KZNUR1M61,GB,
213800BYHTDDUJYTT475,GB,
213800C2NIFPFTXYIU69,UZ,
213800C2VSFZG3EZLO34,BM,
213800C5GDLSGQEMM574,VG,
213800C7HCV4YHQ1B159,AU,
213800CG16G1YMJRCG10,KY,BM
213800CIN9MC8IN3GK94,GB,
213800CLGJ2E9KGU2F20,VG,
213800CLGMKL63VKTD94,KY,
213800CN1RI3UCIZWB95,GB,
213800CP8292W9E8LJ69,FR,
213800CUPSEPGZJDL997,GB,
213800D26TAPVTCVWG40,MA,
213800D9O7FUQDH83V62,FI,
213800DBQIB6VBNU5C64,GR,
213800DFA3WXJ7KC9R74,NL,
213800DL377MH46PDY63,GB,
213800DMLAZ6LGMMD849,ZM,
213800DQC28OBRZDYJ87,RW,
213800DXTXQ1YC8UP313,US,
213800E4EG6VFUFVEH64,LU,
213800E7QA1U8BF34219,GB,
213800E9J7J4UFDIPK90,GB,
213800EAGXDYG9QWS896,VG,
213800EC6PW5VU4J9U64,FI,
213800EC7997ZBLZJH69,GB,
213800ED5AN2J56N6Z02,IT,
213800EHT3TI1KPQQJ56,GB,
213800EHVIQB6SQ9N829,GB,
213800EKD193RVI9HL76,SE,
213800ESMPQ4RQ7G8351,GB,
213800EZZOKA815VC426,GB,
213800F2WOUKCYJYYX95,DK,
213800F5LEV1NQJ68T87,AE,
213800F7AYNHLL1BPR31,GB,GB
213800FER4348CINTA77,AE,
213800FF7EXWECXGTO26,AE,
213800FFPA11956QDF26,GB,
213800FFWYE3BQ1CU978,GR,
213800FGQ9DJHGRLQZ89,GB,
213800FGVM7Z9EJB2685,GB,
213800FJW1TYLLKRV519,GB,
213800FKA5MF17RJKT63,GB,
213800FORYFOB97FHO66,GB,
213800FS5AO3YWIE6F63,US,
213800FSR9RNDUOTXO25,SE,
213800FZ41F6PUWBX281,GB,GB
213800G1C9KKVVDN1A60,GB,
213800G1DU7LKI6ZCD69,NL,
213800G63T4ER4MSVR22,BE,
213800GDD3WW1YZPXX94,LU,
213800GDOFO2ED5PNC85,GB,
213800GM9QX6ANDXAW94,GB,
213800GNI3K45LQR8L28,IM,
213800GNWSV32LXHCZ50,AU,AU
213800GOFSH7EPKBRE50,NL,
213800H2FQSU5E19V152,ES,ES
213800H48GBZ7A3H5423,GB,GB
213800H4GKEF3CJ8C774,JE,
213800H5J9NKEXSUQX44,FR,
213800H7NWVLCWAVKA15,GB,
213800H7RVOFYARK2W19,MH,
213800H88F5EE4B1D697,GB,
213800H8DBB8JSKDW630,GB,
213800HBZGEIZLKJBI17,NL,
213800HCQGDQGFP75D78,GB,
213800HCUCI1HC7X6Q34,IE,
213800HFDHVBCQB9MN87,VG,
213800HHECW72RW2QH41,GB,GB
213800HO84XTEA5NZO43,GB,
213800HYL1S7VAXG6Z48,FI,
213800HYXYT461CS2B79,GB,
213800I42MKW4V895D96,IE,
213800I54XR2I9HM3X58,GB,
213800IBT39XQ9C4CP71,GB,
213800II1O44IRKUZB59,GB,
213800ILVLALFTITCB43,MY,
213800IOEYYAHPDLUL60,CY,
213800ITMMKU4Z7I4F78,NL,GB
213800IUE3DFS84BVN18,GB,
213800IW9C7PR3HKI783,GB,
213800IWFTNKN5BPH814,LU,
213800J2JPCTXLHQ5R78,BM,
213800JBHE39OG74OJ98,GB,US
213800JCKNPJE9FDCJ76,GB,
213800JCR9B7CYW7U265,NL,
213800JD2L89GGG7LF07,EE,
213800JDI3GTKPG4XI38,GB,
213800JH9QQWHLO99821,GB,
213800JNRWW2C9DWI388,LU,LU
213800JSUFNZLZLCVJ25,GB,
213800JTFA6F3S7XX781,GB,
213800JVURXEAA48FV35,LV,
213800JXNDC257C21Q43,GB,GB
213800JYI4P7V5QDOG59,NL,
213800K1DLWVMZFBYD79,GB,GB
213800K5KTZFSUS8MR51,TR,
213800KA6D8H8QF8PN62,IE,CH
213800KGF4EFNUQKAT69,GR,
213800KT8MEUJEJ2KW41,GR,
213800KW7LHVG5QUS111,LU,
213800KY9PT6WBH33232,GB,
213800KZQUVA8TJZFL60,GB,
213800L23DJLALFC4O95,GB,
213800L2ET5KEP3OMV07,GB,
213800L5KA2MJ5FKRZ02,ES,
213800L5VZHLHFDW4I46,GB,
213800L6LMHEP8TLAY43,LU,
213800L6VDKUM3TCM927,UZ,
213800L6X88MIYPVR714,GB,
213800LAXWIUOOBZ3908,GB,
213800LBMMAIG1FQP389,NL,
213800LBQA1Y9L22JB70,GB,
213800LCDPGJ1BI7KX98,KZ,
213800LCRSEF1I4UB827,GB,
213800LO8F61YB8MBC74,GB,
213800LSASFK7OS7RL83,GB,
213800LUZJZFLJD4MJ51,UZ,
213800LXFHRRXIJRXW97,NG,
213800MBRRUVQIONAN53,GB,
213800MBWEIJDM5CU638,GB,
213800MGRS1DZVKTKA03,NL,
213800MJL6IPZS3ASA11,GB,
213800MNFBDEQRS6HZ22,NL,CH
213800MP59KHGJSPHE82,KY,
213800MRR46ECNGZ7L69,GB,GB
213800MXS7CXYJ2Q1805,NO,
213800MY6QVH4FVLD628,GB,
213800N4SZV6INS18D63,KY,
213800NK8FA3GKS6X167,JE,FR
213800NKPB53RHYDQE45,GB,
213800NLB8FMLSE6BV87,LU,
213800NS2XXVRYS7WP40,SE,
213800NURUF5W8QSK566,GG,
213800NXETOCMZOJPJ57,GB,
213800O2FTUPFGPH3J11,GB,
213800O6O4S6ZMOA9R34,MY,
213800O8BDOGHJMTCP32,GB,
213800O8TRZCFJ9R5760,GB,
213800O9MO3KVXP3XQ22,GB,
213800OCERWWPQDURL87,GB,
213800OE2SS4VDHBR129,GB,
213800OILC5Q9AR63B63,ES,
213800OJ67K27RCO2J56,JE,
213800OMYN4NJ6W4AD35,GB,
213800OR4GNG3GHDZ587,GB,
213800OV68U446W4NV89,GB,
213800OWGH7RAYG61M70,AE,
213800OYHR1MPQ5VJL60,GR,
213800P4SUNUM5AUDX61,RO,
213800P9VSYTW2S14R80,GB,
213800PBUU2DBUSBWD95,GB,GB
213800PC85O8BJ7DU398,NL,
213800PE1KEFCNFR1R50,GB,
213800PI2FGITU4W2A31,GB,
213800PMB3SYMEH5NH78,GB,
213800PN1NF2W1ACOG21,LU,
213800PP4399SNNXZ126,GH,
213800PUC1T9GI6EIO63,GB,
213800PZ81RFLCN9GD51,GB,
213800Q167XJFGRJJK66,PT,
213800Q65UKPKCQBC252,GB,
213800QAUUUP6I445N30,GB,
213800QDQENHPB1SNU20,GB,
213800QDQMAUJLZ6A181,GB,
213800QIGGLJLT7WXP16,GB,
213800QIJMYMW6TSBG41,GB,KY
213800R1F1EJYM4ICO85,BE,
213800R83KX5FQFGXS67,HU,
213800RE21RPMCU87D71,GB,
213800REBFN6T3PU8L97,SE,
213800RGEH1MPPNM2T57,GB,
213800RH8HIW5NAYSU08,GB,
213800RQ5FMB2GQ69174,GB,
213800RQNIQT48SEEO85,FR,
213800RWHTSELJS5LA96,NZ,
213800RWVKKIRX1AUH58,AE,
213800RX94ZKEZXPKH58,AU,AU
213800RZWHE5EUX9R444,EE,
213800SB6EOB8SSK9W63,FI,
213800SC4ON8GU2Q2Q62,GB,
213800SDK6N2K6E2CD50,GB,
213800SGGF87DMN9FP78,GB,
213800SGT5S6EKUW2987,MT,
213800SN9HLGE6532G57,GB,
213800SNEJL2ZM642D98,GR,
213800SSTRDXLWWVF948,AU,
213800STG1QDNBY87K49,US,
213800SVRMQA1TD91D41,CH,
213800SWJBM5VMCQJW54,AU,AU
213800T1VDQSNKA2MD76,TR,
213800T2A7R9TYNXZI63,LU,
213800T2EIKFAUKDRH27,GB,GB
213800T8KP4APS3KNZ67,GB,
213800T8ZHTFZIBYPE21,IL,
213800T9QXCMOXOOYB36,CY,
213800T9Y5XCOVRZ4Y57,GR,
213800TB53ELEUKM7Q61,GB,
213800TCZZU84G8Z2M70,GB,
213800TNFSTCW6BFWE04,GB,
213800TPCOG55GYF9V34,GB,
213800TQASLF9JXH5J59,NL,
213800TSKOLX4EU6L377,GB,
213800TZMBQZ462Y8A24,LU,
213800U12KWYZEECZ934,FR,
213800U3Y9UL7Y4QVM11,GR,
213800U5R8Q5KGM2KU56,GB,
213800U5SC36BB1BAM42,GB,
213800U7P9GOIRKCTB34,SE,
213800UA74QOTK6IES10,PK,
213800UATCLLVNUS9C51,GB,
213800UCC6GA967UCS06,MT,
213800UCE6O94DGHWT77,GB,
213800UDSB4F8FCRUW30,NL,
213800UK7ZRLY2K1X530,JE,
213800UNJSVQFNUYYW03,AE,
213800URQKPVH3SJBM16,GB,
213800USCE9Y111R4656,TG,
213800USJR8TNU5T6T16,KY,
213800UUGANOMFJ9X769,GB,
213800UX3TM5RGB1UF29,GB,
213800V48W4Y5MT5Q131,GB,
213800V6WTKUT1XWIZ47,LU,
213800V7WGQLOCIRMY58,GB,
213800VA38VCKE6M8790,JE,
213800VD256NU2D97H12,NZ,
213800VDC1BKJEZ8PV53,GB,
213800VFRMBRTSZ3SJ06,GB,
213800VGZAAJIKJ9Y484,GB,
213800VIPIONINOCLD68,IE,
213800VJW5J633T5WS61,VG,
213800VKBKU9G6DF2O19,LU,
213800VL1H1ABVM1ZF63,GB,
213800VU7WVFF4BJFY96,GB,
213800VZL2QT3Q7NOP46,GB,
213800VZPKVQ7LLB8E76,GB,
213800W54YEOQIHCY548,GB,
213800W6DPUGWBGTD766,DK,
213800W73SYHR14I3X91,GB,
213800W8V7KMWTKSPZ56,DK,
213800W8WKL7DR8NFE48,NL,
213800WDGKCVWZAN1N02,BE,
213800WEFU8O8X6EPU13,MU,
213800WFQ334R8UXUG83,FR,
213800WHG5LL8AI3TG46,MT,
213800WHKNIC1JQQG433,JE,
213800WHOD92H1CDZ111,GB,
213800WKOUWXWFJ5Z514,NO,
213800WLIFOOG58XDG67,GB,
213800WOZ2BUYBVOGK96,GB,
213800WRY6FRL9IXLT77,AE,
213800WXW2KG1N4CO374,US,
213800X3Q9LSAKRUWY91,BE,
213800X3RLP4NOTPY579,GB,
213800X5OY6CVYNY1M70,PK,
213800X8LUUE1AALCC25,NL,
213800X9NVS4IWFKLS77,KZ,
213800XA7X746GRPXA35,GA,
213800XBTDYWRYHKH878,PT,
213800XC35KGM9NFC641,GB,
213800XJQUYGOARTZX86,GB,
213800XTZK2GOHQTYK41,KY,
213800XV6ZAOWZ2IIS63,AU,
213800XZU1R7P56TAN43,GB,
213800Y3B5GQFBGVHP79,LU,
213800Y5RWKLDPUTT265,CH,
213800Y8TMLUT9SN1E94,GB,GB
213800Y8UNLWBP74TZ18,GB,
213800YDFJ3OT9B5P157,US,
213800YHFC48VOL6JY40,NL,GB
213800YN2RFMRU87SB68,GB,
213800YPC42DYBKVPF97,GB,
213800YZZX39WY5G7M06,NL,
213800Z8NOHIKRI42W10,NL,
213800ZBKL9BHSL2K459,GB,
213800ZHMKGG5THXCB42,GB,
213800ZK9VGCYYR6O495,GB,
213800ZNMO2OSVLXAK89,GB,
213800ZTMDN8S67S1H61,GB,
213800ZUAQRBYL67JS90,US,
21TPXMRRHFKOBHDC8J74,US,
21X2CX66SU2BR6QTAD08,US,
2221000MD2YP7WLTNC52,LU,
2221001IK1TS34BCHL37,LU,
2221002FZ55AMAUX4G64,LU,
2221002OQ5WL5CL13X65,KY,
2221002WRBW5MJ8VL618,LU,
2221003M23QLERR89585,LU,
2221003VQP4JY7T31H94,LU,
22210046WQOJNKNF1Q24,LU,
2221005B3DQGM4INWF57,LU,EE
2221005CUH65GSJUKB29,LU,
22210065LIUFB00MNF63,LU,
2221007QVSNJV7EWBX69,LU,
2221008LAXEDJ2CLOU34,LU,
222100B1BDP2ZTPIFO41,LU,
222100BJH5XPZD1JHF79,LU,
222100CO2ZOTEPGJO223,LU,
222100CXHWBP3H3SK244,LU,
222100DKCE3D036DQU13,LU,US
222100FLFVOSKCBCAR54,LU,IE
222100HOIQFT7YOSPB46,LU,
222100JFIJNVE1XMFY68,LU,
222100JLR1QL2IJ49Q65,LU,
222100KDGL314CKTZ511,LU,US
222100KJO80ONXIK8X08,LU,
222100KMO43GQ28M6N31,LU,
222100KX2LPK5KRSIG74,LU,
222100MIANYQT11FJL69,LU,
222100MWPAP4KI5O8493,LU,
222100NM3G3RCPGZ2Z17,LU,
222100OW6UHQXNHKN143,LU,
222100P6D3QKU33LZQ72,FR,
222100QGH6Y9KFYZ4B27,LU,
222100R8R68DM7VM3661,KY,
222100RBWNBUZOTA9381,LU,
222100RHC7R1WZ1J3M44,LU,
222100S2BC4NRWJQKR30,KY,
222100S88XMYHA1E3547,LU,
222100SF79KCJKYUPE47,LU,
222100SJHJ1CNJMSW162,LU,
222100TAWUOMRM7NNG09,LU,
222100TBRQIOGYHYB529,LU,
222100TRPG37653WPW62,LU,
222100V2YV6PD8566946,LU,
222100V5GTJGKUH55655,KY,
222100VPLNGXQKQSMU04,LU,
222100W4EEAQ77386N50,LU,
222100WJDEUAP4JLW867,KY,
222100XL8T2Q5B8MS302,KY,
222100YFBPO7IDRUBR17,LU,SG
222100ZEX458NMOXZP08,LU,
222100ZLW6GXM3ZPU976,LU,
225YDZ14ZO8E1TXUSU86,US,
23B6332KMR0JIZLJG565,FR,
24F6LSZD18II6ICG6S41,US,
25490002QDEB2KTLNK39,LV,
25490004LNKJ84MFYY24,US,
2549000BD79OOCPF2L94,US,
2549000JA5GRUPLMUH98,US,
2549000MXOO8WPL8P809,LU,
2549000TLMHFQ74DS330,NL,
2549000ZHWNMHC09DR77,KY,
2549000ZL9MU01FZK194,KY,
25490010UJKLIJ8C4V48,VG,
2549001C29CRNKMKL768,CA,
2549001H9RJQNZT7MU11,US,
2549001IGRCG4F0RLD36,US,
2549001MEFA4EOZSYR71,BE,
2549001S5Q158BIJJO13,TW,
2549001UGAS65A7Y0678,BM,
2549001XXO8PLKLMHF84,KY,
254900287ZNSGVP1R341,AT,
2549002AFC0XU0PWCW23,VG,
2549002DHJ9LDV9BRC77,MY,
2549002HARR1VE257O76,AZ,
2549002JHJ73KGETOK78,KY,
2549002L1LBQZKA7UN30,LU,
2549002RX9QANY14OL51,MY,
2549002TXU15P8D3F498,VG,
2549002VGA888UKFKS25,NL,
2549002XKO8XBAXUDO24,VG,
2549002Y472ADOL5ED56,VG,
2549003266GB5MP1HL03,KY,PH
25490033UV5PQQ7FCV22,GB,
2549003839B7HE3NDP48,NL,
2549003AJI1YI8883K46,KY,
2549003I48WHHH937I59,NL,
2549003J58N9TB141B68,KY,
2549003R73Q70J5H4I65,KY,
2549003R8RQYIUTF0A45,VG,
2549003WF29F1G7TM942,GB,GB
2549003XJKIQO8YDYD89,SG,
25490040SMU4Z8LBCW70,US,
25490043LHZ97BT5PP29,US,
2549004N3P710UQ9X454,IQ,
2549004NE2B6RYXINZ02,US,
2549004RMYDSRQL4KW41,KY,
2549004YHD7GOLT9Y166,DE,
25490055MYPABN06OA04,TT,
25490058XRCE9DZAMJ79,HK,
2549005GOBWLCSY63Q97,US,
2549005Q343BSJ8RSS21,KY,
2549005TNASWKLR0XC37,GB,GB
2549005WE0QLGK9APF78,US,
2549005WL1W9GJ5TM121,NL,
25490065OSV2524LCR32,CN,
2549006BJAN34R520038,CL,
2549006HEQ2V3JUMNQ45,VG,
2549006I3Q3M98KHOT11,HK,
2549006KGP87C90JH464,KY,
2549006OMHFVZ4MS8538,US,
2549006RH08XJGKC2Y14,NO,
2549006RRE0JC7G43241,US,
2549006WFOUPZX6TZG08,TH,
2549006XE21BJYYKLT79,KY,
254900748HGC4RBR4O84,HK,
254900758JILC822LO70,NL,
25490076V8K09HMNCT88,VG,HK
25490078APAXS5NZGF08,HK,
25490079TX62U2IW2D78,NL,SE
2549007CCNBNAF4HBC02,GB,
2549007CRZ2NT7S96A24,AU,
2549007KTXQQBYZO7485,SG,US
2549007M2KGWVJ9XFP20,KY,
2549007U6NAP46Q9TU15,US,
2549007VHKP3K6E1XF67,US,
254900862W7TXMZ9L981,VG,
25490089SSHENI4Z8Y98,AE,
2549008BQQ5ON8H2UC19,KY,
2549008CU8NYQQRSNU62,VG,
2549008XHB8M1L64J275,GB,JE
25490094RKSYWL8Z4255,KY,
2549009CVV6Y7H26NV14,ID,
2549009G116AM01XHN24,US,
2549009GW3Z3DQCB8H87,US,
2549009GZDBNY1KE9O81,US,
2549009LA0KWRAGQBX50,US,
2549009R7KJ38D9RW354,RO,
2549009UKR8UEZYVCR93,US,
2549009WM9EBCS9SB022,KY,
254900A5FGTHUYFJ7K08,BM,
254900A71Y7WHN7L5K89,BM,
254900A85ZVOMCLC2410,VG,
254900AIOT8L0TZT5O08,KY,
254900AIZKU6TGRRNZ98,AU,AU
254900AL64IANZYI1E02,KY,
254900ARRYL5Z9TLGP06,VG,
254900ARY41P4V1JL861,US,
254900AWJ3QIGYQ04W45,JM,
254900B2WJGJ0SR7JC84,UZ,
254900B3KC1SS7T2TE92,GB,GB
254900B4DEYFZJ980A14,US,
254900B5ACVOJC6VNM71,BM,
254900B5LFB16S9T2T11,TN,
254900B7MU61GFDN5511,KY,
254900BA3U6G5DNV5V04,KY,
254900BJJ12X7PJT5072,AU,
254900BKHKLJRAT5BD90,VG,
254900BMY30PLHVJID29,VG,
254900BQTJEWBK1TAN59,AE,
254900BRWS3AFONWU277,US,
254900BS1UPERUNF4860,VG,
254900BZVZFBSA5NA163,KY,
254900C69MVC7SXO2G61,PE,
254900CDNPJRAT391Y16,AE,
254900CJNSY1K7T53Z16,US,
254900CO48EPLIMJDK17,ES,
254900CQKQDZMZH3G563,SG,
254900CVMW1SX2T78A64,US,
254900CWKUHRNINY3J70,NO,
254900D6R731QAUIG324,VG,
254900DATW3ZWYAKZM76,US,
254900DBMFZCZH3KL232,KY,
254900DL7PC062J4GT47,AE,
254900DMGQSTC3I2IM78,US,
254900DOMTCMUFROFJ76,SG,
254900DP080RU6OK2553,US,
254900DWSHIWTSE0YG58,MY,
254900E16YL0NL5TFN79,KY,
254900E6OE5YJ9WCCU19,SG,
254900E7II30XAB9LA72,CA,
254900E7M1Y3DXGQ1283,AE,
254900EAMY4VP33WTN08,LU,
254900EAR706W4E5ZN70,KY,
254900EDM43U3SGRND29,AL,
254900EFD5LHVZIE8I94,VN,
254900EGTWEU67VP6075,MX,
254900EHU7Q8FGVPI369,DO,
254900EICTYTCHA5X705,US,
254900EIG0O7C6C9R437,EE,
254900EX2KZ57WQ1PL07,BR,
254900F33BIAR82QTA19,US,
254900F4EZA4GPR3LG03,VG,
254900F70J1LOALV5K70,PE,
254900FCNYU4HNEV9L47,US,
254900FMEU5P81WHKR41,US,
254900FO1PHX49ZIGB14,PA,
254900FPY8WXG61CMU70,KY,
254900FRO0P7RIINYT25,US,
254900FSZR46BPMCKI50,US,
254900FZF02RB3NNGB71,AU,
254900G082ZFKTCR2Q75,AE,
254900G14ALGVKORFN62,NL,
254900G208H6Q0L5B953,ID,
254900G5EZJSOD3UKL16,US,
254900G5YAV3A2YK8T32,US,
254900GAYV1MAUETUO84,KY,
254900GB3V5T9KMKQT53,CN,
254900GE1G59KGWPHX32,JP,
254900GFRCPNS88N4K89,BO,
254900GGZVSCLLLYNB47,US,
254900GPWI1816YIM923,PH,
254900GSIL471JOBYY43,MY,
254900H06V5RMEB3KE72,SG,
254900H3N5ML9ZS3SP86,PA,
254900HG6MORZE1FFM18,US,
254900HGL1Q9UJ5G1915,NL,
254900HROIFWPRGM1V77,US,
254900HTTDFIJZ32GX53,JE,
254900HVBPYIWRRJXR33,US,
254900HY0LLN41F9J831,AE,
254900HY5QFETBNN7892,HK,
254900I4IZ164TOMZH46,US,
254900I7N0GT4VVL6V29,MU,
254900I8KYDELP4B4Z08,BR,
254900IA5MVMGDF40Z19,US,
254900ICW11T82O6H590,CI,
254900IDGKCJICKBPA66,CO,
254900IG6Y30I2QE2R92,LK,
254900IGJCVEY8WNJT74,HK,
254900IH4U9NHH9AQM97,HK,
254900IRAKXV4MM4QF30,CA,
254900IS16Q1A2TQFN22,LU,
254900IZUS1SGE1OQW52,US,
254900IZUSV3NSQLRR76,LU,
254900J10LHB6JOSNR19,KY,
254900J6FBJ1E892Q074,US,
254900J9KTY8FE4C8227,GE,
254900JOFV74IJ7H9933,US,
254900JU7TV6VS9GRW29,AR,
254900JW7GE35YNJGJ55,IL,
254900K869UN2ZWVB351,DE,
254900KJA5MXNPYB4W32,DO,
254900KMBHWF9UK63G44,GB,
254900KSNSVR2IGS8P83,US,
254900KUJN6DHWH2K029,LU,ES
254900KXP47C6DXN6A03,KY,
254900KZX3511IC7J772,KY,
254900L5266ML3505282,GB,
254900L7KLS0HQJ56Y35,AR,
254900LCCR122N588062,VG,
254900LJGL2N2XEMD470,CA,
254900LKF9EV0CUKNE09,US,
254900LMFT1CY9IYB476,US,
254900LYMFL8O07R2452,VG,
254900LYV2KUQQR4N606,US,
254900M8C3E5VC8BR186,US,
254900MBSC9P2UCI6623,US,
254900MGJD77N8VPNK65,VG,
254900MRLMI21YQTK511,MY,
254900MRZ83YWUV7SN74,US,
254900MSUXE1FF83DP82,MU,
254900MTXR9LUVQFU480,BR,
254900MXP6EWY0SFFR59,US,
254900MZD3U3EEN29H19,FI,
254900N4SLUMW4XUYY11,KY,
254900N6H4J4MJJ8ZN67,VG,
254900N6PHCMYYNUWV59,VG,KY
254900N8L3L7NRJT0120,KY,
254900NA4DUH50UERM85,IE,
254900NAOGHJ88RZ4C73,US,
254900NAQSPFDWVY8H73,KY,
254900NDAKGNZ2IBBL45,ID,
254900NKI6OC90ZW9W36,PG,
254900NKZ2Y3YZK4WC46,SG,
254900NL0ALM1NCHOQ65,SG,
254900NMDQ8ENTHU1I31,KY,
254900NPCIO562Z7FN53,ID,
254900O9KHF2A1ZXPT47,CA,
254900OG32E8F3XO5O83,NL,US
254900OHTMO343QAXN81,KY,
254900OM17Q9YNDIUG82,LU,
254900OVY0XI1DFYC092,RS,
254900OYVDRYS9J51J61,ID,
254900P5EQ20DLW75N30,OM,
254900PC2NNG9BLIJO15,SG,
254900PKFJW6RILDCM60,US,
254900PLOF8VWTAH3F83,KY,
254900PLVSE8V5VW0065,KY,
254900PMQN51VACG2D55,GB,
254900PSJL6ZEC8FR782,US,
254900PVA1EU6QM1JN57,GB,
254900PW2WQ2W5M9NA17,VG,
254900Q5ANAJ5RI08U80,AE,
254900QABG5HCQZ28A17,US,
254900QBKK4WBSO3GE51,NL,US
254900QDNU6I6VA8UL14,KY,
254900QJ8SRKQPBY4V77,KY,
254900QMQAJ26H49CL75,US,
254900QNIK0CVURGML24,AR,
254900QSCHBUBX6J6H71,AR,
254900QTESJKJ3P87J26,QA,
254900QUO860OUT6ZF83,BM,
254900R3BZU6S8ZU0L15,KY,
254900R882POXXVAK772,US,
254900RAPCKVT00GAO59,NL,
254900RBXU2DAMHEX195,US,
254900RFD0BP3JOPZU89,GI,
254900RFKE3XFTFFLM58,KY,
254900RHBSC69QS5NZ68,VG,
254900RI1CMQGDK78K51,GB,
254900RNWK5SE9A0I712,IE,US
254900RVFDRGDY5WUQ83,VG,
254900S0VY2QTAITBR94,US,
254900S2G1V55FTA4590,US,
254900S3BMA32ATT9Q05,VG,
254900S601HLQK30V158,DE,
254900S8483WM4M98R28,US,
254900S97VONWYW91C97,CY,JE
254900S9905REJFRBF91,VG,
254900SBJOP9O3YV1271,VG,
254900SEVE6JAZLGDW04,KY,
254900SK2YRR95AVHU30,KY,
254900SMTWBX7RU2SR20,BR,
254900STKLK2DBJJZ530,PE,
254900STKO40ZP80Z504,PT,
254900STSWBVJ5FV9O74,VG,
254900SXLFVWFJY5QE98,VG,
254900SYU4G5JM13TN77,SR,
254900T3Z0SCF415OF78,DE,
254900T5HQBI9JIOSK06,SG,
254900TF7OK6KSDZA888,IM,
254900TNOJOSKVTDPK87,KY,
254900TWUJUQ44TQJY84,GB,
254900TYMSC94RS33U73,SG,
254900TYVKQSOFSDLD04,IE,
254900U0H7PYCRKOV841,KY,
254900UAM2PKZZ3FLH23,AU,
254900UBM8GV669Q5J03,AE,
254900UEO4639PJFQ079,GB,
254900UIPWFKU7480958,KY,
254900UJX27B2F1JYR13,KY,
254900V041EIVTSB6D58,US,
254900V1DF3FZC4HTD77,VG,
254900V1U1SAHEP7WW45,VG,
254900V5SMQ1UP1CLC26,GB,
254900V9UGCG42YQ6848,PE,
254900VNJ7A4DAOPXL60,LU,
254900VO7KBRJQDGY810,US,
254900VOTYWA2XO2NY13,KY,
254900VPI91W77OOUM06,CN,
254900VQRXK46UEV8Y97,GB,MC
254900VUZRGD5U73RE46,HK,
254900VZENPT8NAXW686,AE,
254900W4CPYCQFVH5E92,CO,
254900W8QHG04ND3XG25,NO,
254900W94OCY91V32O78,RS,
254900WL7OVWM4TM3S73,KY,
254900WR3I1Z9NPC7D84,IS,
254900WTJ6B5CU69ZD26,KY,
254900WVU0BM7ZCJ9E93,US,
254900WXZH7NYJGRVJ58,AU,
254900WY9XL8033CKX68,MX,
254900X3ULEP6XX7HG39,US,
254900X4QE7SGKQLLN38,US,
254900X7FR3V7789SL36,SG,
254900XA3OBXDNCGJ520,VG,
254900XEIG78M2AJB031,JP,
254900XFXCRYYZAX6M78,AU,
254900XGFBKIXD6G0697,US,
254900XQ2EY5O3SAYL47,KY,
254900XS5E0JG85JTY26,SG,
254900YCY08VYQTTRO14,HK,HK
254900YD75V7TO5ANU71,CA,
254900YI79T8NMNA4349,NL,
254900YKZW9GRKZZN285,ID,
254900YN2K3DJ8B72Q22,GB,
254900YU43PQQ27Q0E71,SV,
254900YWMA64Y1RPNJ12,CA,
254900YYA4B6O2O4JM12,MU,
254900YZKR40F7F27K81,US,
254900Z04YK19SP3M967,VG,
254900Z9PIEFQ6AYXK50,US,
254900ZARLSVK41DKO78,US,US
254900ZFMQ2KI2067818,VG,
254900ZFY40OYEADAP90,BR,
254900ZJG39H1CAH6K02,NZ,
254900ZNL8O3F1CLJO24,AE,
254900ZQIHJ5FQH4C329,US,
254900ZW4JWKYRZZ9A91,US,
254900ZZRL7MWL1X8E92,US,
254900ZZTSW7NL773X71,US,
2572IBTT8CCZW6AU4141,US,
25940046BHY41BKNKJ92,EE,
2594005Q9DIECHVXBO95,PL,
2594009AT1MND8D7E216,NL,
259400ALN6AM4REPEA16,PL,
259400BCOV9JJIGLYF05,PL,
259400CYE2267UB4A481,GB,
259400DZXF7UJKK2AY35,PL,
259400LGXW3K0GDAG361,PL,
259400NAPDFBOTNCRL54,PL,
259400OFDZ9KPZEO8K78,PL,
259400R9L8QEP0TPXS31,PL,
259400SSZWSSPNYW7K08,GB,
259400VVMM70CQREJT74,PL,
259400WX4QZCOHJVWM18,PL,
259400Z5DFISQ00QN727,LT,
261700SS8OEHDOCOUJ33,AU,
28ID94QU1140NC23S047,US,
29DX7H14B9S6O3FD6V18,US,
2EULGUTUI56JI9SAL165,LU,
2G5BKIC2CB69PRJH1W31,IE,
2HKVXE7U4NF5B6UGSU72,US,
2IGI19DL77OX0HC3ZE78,CA,
2JADVB0458J06WCD4N56,US,
2JE75BUE3T1BLCYYGK54,US,
2NUNNB7D43COUIRE5295,US,
2P2YLDVPES3BXQ1FRB91,US,
2R15C3RTKJN1RCBOV146,US,
2S72QS2UO2OESLG6Y829,US,
2SFFM4FUIE05S37WFU55,MX,
2T3D6M0JSY48PSZI1Q41,US,
2TGYMUGI08PO8X8L6150,US,
2W8N8UU78PMDQKZENC08,IT,
2YD5STGSJNMUB7H76907,US,
2Z7LGN9CRR5I5UEPSJ79,DE,
2ZCNRR8UK83OBTEK2170,DE,
3003000GRJQBQQJ25K03,KY,
30030018E34GXWP2RS97,VG,
3003001GX1DM54M7IA09,SG,
30030026WRIFBEGCB472,VG,
3003002NJ625UNILOU94,HK,
3003003EQA2BE4U94Y86,KY,
3003004LKKZ33WMP2P47,VG,
300300512OD32371Y830,SG,
30030053J86AJARAGD28,VG,
3003005J4J3G9CZFDK52,KY,
3003005O7DXT61IXLJ96,CN,
3003006FUIR75O7YBO67,CN,
3003006V8BHG5158QO96,VG,
3003006YM0WVBZTYMU68,KY,
3003006ZC30FH27GHL08,KY,
3003007DVF9FE4D0JJ37,CN,
3003007DY4RTZM59GQ78,VG,
3003007ELD2HAYCXPT77,HK,
3003007LIRAPLHDKRE80,CN,
3003008OZB358QMM8W92,KY,
3003008W60YAHL9CQE51,CN,
3003009Q7ZOY1LJ3F921,VG,
300300C1020111000029,CN,
300300C1020211000045,CN,
300300C1031031001330,CN,
300300CHN201808MOF68,CN,
300300CMQQAWD9QA4A15,CN,
300300FCDZBE6UP9ED24,KY,
300300H3OSD8W2J7H961,CN,
300300H5N2QPO1NZL057,VG,
300300JLMTEWBKJNL662,KY,
300300LGCJ91O86HIU38,HK,
300300N5XRCGHA7P7B13,KY,
300300QQG6PN8Y25MV22,CN,
300300QXL6JTET8X9089,HK,
300300WB9ZSCZYXDFJ80,SG,
300300YS8XX94W7OT806,VG,
30ZMPDNA1RHIBH89C294,US,
3157000YTVO4TN65UM14,NL,
31570010000000004460,CZ,
31570010000000034336,CZ,
31570010000000043842,CZ,
31570020000000003378,SK,
3157002JBFAI478MD587,SK,
3157003E5A4ZV0JCSM65,CZ,
31570074PLDZISJWNN43,NL,
3157007EFDLQABN47912,CZ,
3157008PTGOXBWZDVF10,RO,
315700API829H1BFNM30,NL,
315700FA4G1UK2XEQF20,SK,
315700I4J1M1NKGWWY89,CZ,
315700IASY927EDWBK92,RO,
315700IQCL9IX158RO36,CZ,
315700J7ZTIN8XGCX365,GB,
315700NENYPIXFR94T49,BE,
315700SWFD7G70AVG768,CZ,
315700YHFON9RJOPCK19,NL,
32SXKSJ72K64GM3HOU64,US,
3358003Q6D9LIJJZ1614,IN,
3358004TNI1SSIQ9BQ37,IN,
3358006ZP5KO7VUH2790,IN,
335800AIC1B5EBFVUC38,IN,
335800B4YRYWAMIJZ374,IN,
335800DKCLYHG21PBG55,IN,
335800DWLXIP7HFFY564,IN,
335800E4RH82Z8XC3C30,IN,
335800EK6HZSC4CVAJ09,IN,
335800F2JHSOGXQEBY56,IN,
335800IK4XWJ5637BW61,IN,
335800J4SLERP6S94P28,IN,
335800KQ1FPKOQ84OR26,IN,
335800OFZ8YEIVN1QI11,IN,
335800PC9O9B4BQHG814,IN,
335800Q4TRGJXNLVMB81,IN,
335800QOAXP5TM7OYP69,IN,
335800XXEP14XISP1A16,IN,
335800Z8CGS7O7D72N41,IN,
335800ZQ6I4E2JXENC50,IN,
35380000WKGEAHEMW830,JP,
35380016EMHNBOVYE123,JP,
35380028MYWPB6AUO129,JP,
3538007PR116187GD960,JP,JP
35380080RTKRARNH4R73,JP,
3538008O2MCHLB9FAL82,US,
353800CI5L6DDAN5XZ33,JP,
353800CWW4SRGEYEB512,JP,
353800DRBDH1LUTNAY26,JP,
353800FABE4GGB1BMO18,JP,
353800JX1R4582QVK932,JP,
353800KAJ02XNHLCJW79,JP,
353800KOFMRGOXSJ5Z65,JP,
353800KTF7EYIIYHY088,JP,
353800M1YCTS9JRBJ535,JP,
353800PFUKP5ONPJNZ86,JP,
353800SENYJ2DSM6PS44,JP,
353800V2V8PUY9TK3E06,JP,
353800Z0ENYBQO0XRJ31,JP,
35GDVHRBMFE7NWATNM84,GB,
3789001900ED06F65111,ZA,
378900AAFB4F17004C49,ZA,
378900B07CD6F01EA796,ZA,
39120001BFB3XAZMDL24,DE,
39120001HPAHKCHJAI75,CH,
39120001TRQTQ01LPP57,DE,
39120001YVITITN0IG82,DE,
39120005TZ76GQOY8Z19,DE,
3912000MUVUUKH0A4834,DE,
39120010SUSVWBK4TX86,DE,
3912001BNTWG0PIZYX13,DE,
39120041DHBTN0OP5L90,CH,
3912004GMFDLY04RUQ19,DE,
3912005ISIGMBA4Q4P16,DE,
3912007C9XA9TFZZ5W17,DE,
3912007VG2UFD4C3ZC64,DE,
3912008XHPV1KNP3TG31,DE,
39120090W114KR712O07,DE,
3912009IWWPURB35WO49,DE,
3912009RWIOEBOWDRG10,DE,
3912009U46TSFSRTLJ60,DE,
391200AK4L7NIINCPB59,LI,
391200ALDJEBKNZFZ849,DE,
391200AMJZMMPWQ6SA29,DE,
391200B10ZQ2QJJV9238,DE,
391200BR5PDBQHT8X262,DE,
391200CE11B23RTMJV77,DE,
391200CEB05TOMP9SA74,DE,
391200CHSPBRSMJYHI84,DE,
391200D52H4LDIJVCZ45,DE,
391200DI7MMCP7NTRK73,DE,
391200EJZNGLOEMJB140,DE,
391200ENGWHR9TBQ5803,DE,
391200F0IS3RDVSU8A35,DE,
391200F111ZNSXD1QN10,DE,
391200FDSPYB8FKV7F97,DE,
391200FHEFGXUKL2BO93,DE,
391200FPIT0AHTWFZY34,DE,
391200FS87UMBS0BL224,DE,
391200G4R49RTM2J5S55,DE,
391200G6PDBP4B6JFR90,DE,
391200HBEY4OH6E6PP47,DE,
391200HVYXFJ2R1BIN92,DE,
391200IEVPPS5RU8Z674,DE,
391200ITQQZ7JMHXK080,DE,
391200J5LMW3YO0XRW69,DE,
391200JA31JBG7OPJQ25,DE,
391200JHEZAZ2HXS8Y66,DE,
391200KEHI6OQSGGN373,DE,
391200KMPGBGZ1LW8L08,DE,
391200MAQK2K59ABXK49,DE,
391200MC0M0SGKVN4318,DE,
391200MFX83JH2FVRS59,DE,
391200MGV8DDCHTN2R77,KY,
391200MKF9MZE2KXBH96,DE,
391200MMIN9EPH3GOD16,DE,
391200N29P28X0NMYW04,DE,
391200N74WKHVSWX2F32,DE,
391200NWMO6NLQFSCU64,DE,
391200OEF0JSEMI6IH73,DE,
391200ON7SWL8WCIPF87,DE,
391200OUOEWDQSEJ0Y74,DE,
391200PQLFN1BBF0FI07,DE,
391200PW3NX331WP7963,DE,
391200Q1EUPQSMXMCV90,DE,
391200QG00R11VCOUR60,DE,
391200QX3JB9AM3VJG21,DE,
391200QYE9KWH30NSP86,LU,
391200ROFQB3JOJTDN20,DE,
391200RQ38WAM4BJBO16,CH,
391200SFUEVJZJI16525,DE,
391200SI5MY23ARYDO60,DE,
391200SO40AKONBO0Z96,DE,
391200T7OHCG8YPRQW61,DE,
391200U9MYPIE8FNYM23,DE,
391200UIIWMXRLGARB95,SE,
391200UNMNTNVYWIDU41,DE,
391200UQSYMR0P0WIC40,DE,
391200V5PAJL9C4GSV94,AT,
391200VKLY50XNAFCM46,DE,
391200VUYVDCPMZG1134,DE,
391200WJ0J8QYRQNC671,DE,
391200XU8RQPOZ70SM17,DE,
391200Y8QUAHZCI7UO63,DE,
391200Z2RMF60TH84G98,DE,
391200Z7ZWISADXEGZ47,DE,
391200ZAF4V6XD2M9G57,DE,
391200ZDYY8QXKN6PH07,DE,
391200ZF892VODW6OG29,DE,
391200ZYVJJCJO6H7178,DE,
39RSBE4RCI4M15BLWH36,GB,
3BNYRYQHD39K4LCKQF12,US,
3C7474T6CDKPR9K6YT90,US,
3DM5DPGI3W6OU6GJ4N92,PT,
3E70L4WYANTIWWIPHC81,US,
3FGIIBS1PEI1FYQBGN97,PH,
3H0Q3U74FVFED2SHZT16,HU,
3HG2WD2W22M120IUNG49,US,
3KXUNHVVQFIJN6RHLO76,DE,
3LB2NG8VUULSCV2NO430,US,
3M5E1GQGKL17HI6CPN30,DK,
3MGELCRSTNSAMJ962671,US,
3PPKBHUG1HD6BO7RNR87,US,
3QRVFYR22IUIEOORTK28,US,
3S1GHB0TEH85KX44SB51,US,
3SOUA6IRML7435B56G12,US,
3SU7BEP7TH9YEQOZCS77,CA,
3T97Y9RR5EN5Y18QHB56,US,
3TK20IVIUJ8J3ZU0QE75,NL,
3UKPTDP5PGQRH8AUK042,AU,JP
3YJP8HORPAEXJ80D6368,CL,
3YTEJFW18LGIUQ2N5J61,US,
41BNNE1AFPNAZELZ6K07,US,
41GUOJQTALQHLF39XJ34,DE,
42YMHYH0XMHJEXDUB065,US,
43R4VPJBXTU2O15HEF41,US,
4469000001BFPONMPF32,MX,
4469000001BIRIFZJ959,MX,
4469000001BSAPAMOQ06,MX,
45RS2W538ZOGNWLVIX82,US,
485100000LWQHIX4XX88,SI,
4BFD7AQU0A75QLAHK410,CA,
4DR1VPDQMHD3N3QW8W95,GB,
4GTK5S46E6H318LMDS44,BR,
4KF48RN45X1OO8UBLY20,US,
4N6SD705LP5XZKA2A097,FR,
4NT01YGM4X7ZX86ISY52,US,
4NYF266XZC35SCTGX023,US,
4P4N3ORD02UGQT1T1W12,JP,
4PD8YHHBETYIBWD91168,US,
4S66HJ5RNB5ZWG9YW219,CH,
4SIHMF0MOSTTL8CD0X64,US,
4T0J6O251JXNEB0VEZ08,CH,
4XM3TW50JULSLG8BNC79,US,
4YV9Y5M8S0BRK1RP0397,US,
4ZHCHI4KYZG2WVRT8631,AU,
50670000BEWAL237A323,CH,
5067000GYX305W923P69,CH,
5067000JHM0Z8259CW65,CH,
5067000Y825K7675LJ67,CH,
50670015JM9701BC6W17,CH,
50670018HN8O1GD3O385,CH,
5067001I8OXHR9340543,CH,
5067001ZV4R7N56G4O44,CH,
50670021L41WSNL6WS38,CH,
5067002C9YUHWJ7LK945,CH,
50670032178JB6H3V269,CH,
5067003218E18XWZY127,CH,
5067003ZK7V6Q383Y928,CH,
506700414BFU8UC41U74,CH,
50670042Y437P8X44F56,CH,
5067004T5L558CRPHH11,CH,
5067005JR1JR6Z5TQ035,CH,
5067005OV46F8G2Y4046,CH,
50670063ER4N7ML09284,CH,
506700683S928H292L02,CH,
5067006OA1BJ88912Q83,CH,
5067006XH174LA44H658,CH,
50670076T07496F7VY18,CH,
506700781XDET0A89669,CH,
5067007NW6550481FH64,CH,
5067007Z8P55CQZ20C27,CH,
50670080RB4Z76C34822,CH,
50670090YSFJ2732TD58,CH,
5067009X3ZYU2U92G615,CH,
506700A5P9L18X8N2L50,CH,
506700E81244S7B58Q98,CH,
506700ESFO89V198LE67,CH,
506700EXB8K4220O0711,CH,
506700F7C0WFE08FR858,CH,
506700IIY296BEGWFZ02,CH,
506700K335W4A51Z4R19,CH,
506700KY0Z3RER8P1971,CH,
506700L64RBZ9V87C866,CH,
506700M5PC3LV38YHS65,CH,
506700O6IRRIQLT3W370,CH,
506700P3A6U6R32CMV96,CH,
506700PR1R98BSF81139,CH,
506700R257QJ4009Q870,CH,
506700T14IUOI0A4F436,CH,
506700TO413KE9G6WX83,CH,
506700UV219R323PYU70,CH,
506700W4772BD8016Z20,CH,
506700W794IX46Z13F75,CH,
506700WO9F99XX219G53,CH,
506700XI9H64OPR34158,CH,
50ZCTKCMUDIABGHX3R52,CH,
51M0QTTNCGUN7KFCFZ59,US,
52965FONQ5NZKP0WZL45,DK,
52990002O5KK6XOGJ020,DE,
52990002TI38AM4RPV48,US,
529900099NYPCG4OHS15,CH,
5299000DUMZ99SBBX121,AT,
5299000EAMGGBEYP7J33,SE,
5299000FMNZDQIMTS006,DE,
5299000H77JSW90G7935,AM,
5299000JVHXKJPOE6H40,LU,
5299000KY7ST1CVIWL78,DE,
5299000M3BE5NH1Q8Y07,CH,
5299000NL4WEBX2M0430,AT,
5299000O7UMNSOGRRW53,DE,
5299000OVRLMF858L016,AT,
5299000Z69NDJLSGDQ64,DE,
52990010NH26VC32Q522,LU,
52990017C18U2R51AB35,BE,
529900197LKWCEQ0NL18,DK,
5299001984Q1Q7RKL019,CH,
5299001BUUGXAREGE533,DE,
5299001DUZ9PI7TCRC47,TR,
5299001ERX0K10IZUL40,DE,
5299001EY3I902360W20,DE,
5299001GRRO0Z25YZT52,DE,
5299001HL0TU7X15HK51,KY,
5299001HX8ZN8Y8QIT49,US,
5299001HXSE3QDXEYQ71,CH,
5299001JPPT2QFTV5D76,AT,
5299001LWOD98X7BJJ08,DE,
5299001OU9CSE29O6S05,DE,
5299001QKV44IT3WPL26,AT,
5299001X9L42HXEBCZ51,DE,
5299001ZMR76CCHGY076,DE,
529900219UBQ7AC4PF10,DE,
529900227RVB89NZH924,CA,
529900242I3SV9AGM753,US,
5299002BJODD4TLAOX51,VG,
5299002CRNX7K6KOL397,DE,
5299002QLUYKK2WBMB18,LU,
5299002TRC7IFQYSW596,AR,
5299002Z28NLP3WPFH36,VG,
5299002ZG5ZSOLMPJ232,CH,
529900317WTFHPDWDI76,AT,
52990032ZS3N9397RN77,DE,
52990033C5FUEN4LMC06,IT,
52990038IB31TYK07X63,DE,
5299003A2TR87BOV0F56,DE,
5299003ATVTQVPTW4735,AT,
5299003C59ODEKQIR849,DE,
5299003F3UFKGCCMAP43,HU,
5299003GHAFB78O1NU77,ES,
5299003H07ZT0Z5ZNN35,DE,
5299003HAEOUVX3HWX43,DE,
5299003ICAPV07J0R180,AT,
5299003KG4JS99TRML67,DK,
5299003KK8544RT71R38,DE,
5299003L3TGTOIYBX911,NL,
5299003M4PGUGL48LS74,DE,
5299003QR1WT0EF88V51,IE,
5299003QUX4NBKKZRE63,DE,
5299003RGB2LAZ65RK73,US,
5299003W0EE08LV85B90,DE,
5299003XLG8J4YTHLX44,NL,
5299003Y2U5XK0A35H71,EC,
5299003ZC7YFR0AAU254,DE,
529900419S8ZX9H95G64,DE,
52990044W9UMFJO2FB97,US,
5299004A0QNX7FBNHS61,CH,
5299004BSTX10BXHV941,DE,
5299004C02FMZCUOIR50,US,
5299004G9AWNN3D3E825,AT,
5299004GLEUX88BSNB74,DE,
5299004HGCYHO7IVKJ47,LI,
5299004PWNHKYTR23649,NL,DE
5299004TE2DYMKEAM814,DE,
5299004UJ4D51M25LD67,DE,
5299004ULRQTXH8P6A85,LI,
5299004ZME6CSBR7WP07,DE,
52990050KC7YUM8VD941,AT,
52990050SU0S4QQ4Z793,DE,
52990053Z17ZYM1KFV27,DE,
52990054HEKS017PVR75,BR,
5299005A2ZEP6AP7KM81,DE,
5299005FV4VNV75R8R35,US,
5299005GH66DVCCLC652,DE,
5299005HUB5IOJGO7S39,US,
5299005IX98ZZ9LSGK46,CA,
5299005K04JUZBZIIE85,AT,
5299005KY91C4C6U9H17,DE,
5299005LKZAJQDQZDF73,US,
5299005LOAAELUENZ090,DE,
5299005MCIJK7R2NP351,US,
5299005MZ4WZECVATV08,US,
5299005OACOC1C1OFJ11,AT,
5299005PBRMP33GHX798,DE,
5299005RBVBZQJTYFC89,KY,
5299005REER6FBU6OI67,DE,
5299005UPBWRQDXNJ890,DE,
5299005XH17SUI3T9834,DE,
52990062KHCHHZMHTC31,DE,
52990063ADNRF9GBTQ30,DE,
52990063S23N13HU4E98,DE,
529900672GYJQ3T38I58,KY,
5299006CLM2Z97AATT29,AR,
5299006EQ03K3SSUYS12,DE,
5299006GIHQ1ELISCV48,CH,
5299006UDSEJCTTEJS30,AT,
5299006VRRUHSEC9MW59,DE,
5299006XZISURYIA4G32,CA,
5299006Z443RSX9FQ858,AT,
5299006ZE8K43WSDY142,DE,
5299006ZHG3IXU0PNJ56,NL,DE
5299006ZHLMXOOUVTU44,US,
5299006ZIILJ6VJVSJ32,DE,
5299006ZJO9C6JPNP897,DE,
52990071WX2UW1WNHC16,BE,
52990074F6OJOAXK4P65,QA,
529900793W6Y4S5VIK84,DE,
5299007F4BUUY6S14E44,HU,
5299007FNTNU3NBQPQ17,CH,
5299007JN5C6PC2FLN14,DE,
5299007L43AQDFOW5739,NL,PT
5299007MC8RF52X0ON96,AR,
5299007MF0604ZGJER92,CH,
5299007N4G3EZWXAMB76,TT,
5299007OWYZ6I1E46843,DK,
5299007PY20Y5BL4OJ88,DE,
5299007S3UH5RKUYDA52,DE,
5299007V1ACKFFX2P066,AU,
5299007XCXVOXFBBLT22,AU,
5299007YZU978DE0ZY32,FR,
529900807L67JY81RD65,DE,
52990085XZWOZNLAWJ54,DE,
529900872XMLK10SY247,US,
529900896ODARUEY2V26,HK,
5299008DETS74GTSDH84,US,
5299008I0TO44SUINZ71,DE,
5299008QAF8H66VI9L59,LU,
5299008X879D2BX3QP14,DE,
5299008XKMOCS2NE0T97,CH,
5299008XLQ6FIVLW9E26,DE,
5299008ZUAXN43LVZF54,SE,
5299008ZV35QYD8G0992,BE,
52990090QZ1C50L74D74,DE,
529900925TK5QIGTBH86,HU,
52990093Z5OHD6T7BS47,CH,
52990096G2IJ89SWI669,CH,
52990096Q5LMCH1WU462,SK,
52990097YFPX9J0H5D87,FR,
52990098MCO4QDDMP803,LU,
52990098TR1QJBWIYG58,DE,
5299009BDP7ZQ4185U27,SM,
5299009D9BIL4D4UHT93,DE,
5299009DKBSXJEP9OY31,AT,
5299009E2YKF66FJZ622,DE,
5299009OE63JPUILOJ73,NL,DE
5299009Q1YLGBNUECY13,MT,
5299009SVP4KONGB0695,US,
5299009T1JIGA56W7T95,DE,
529900A04GL02604LJ24,LU,
529900A38AW14ELBTL34,US,
529900A6XMW93H3QCZ48,DE,
529900A7MBLXHDAP1T77,DE,
529900A7YD9C0LLXM621,DE,
529900ABR9TRUMO8LX46,DE,
529900AE1FZNUH6EVS39,SE,
529900AGED6PJE9AVL37,DE,
529900AJU331P2QORU39,NL,
529900AKDMUSFSDOM949,SV,
529900AQBND3S6YJLY83,DE,
529900ARBU9SBJFNX419,AT,
529900AUT5RBMLMMH016,DE,
529900AYYCXMYYCTIT93,NL,
529900AZGF6OODGSBY09,LU,
529900B0QLBSQCUQXB38,SG,
529900B0TKZGIVHUFK90,DE,
529900B2DHSUP1S0V619,GB,
529900B2DSWE5V3SC292,IL,
529900B2JGN28UCEQ136,AT,
529900B6VAJG54Y9QF02,US,
529900B9P29R8W03IX88,AT,
529900BBRDS7QBC5Q850,AT,
529900BC8ZRX8TF6L273,DE,
529900BCUIZZOY4FXQ88,DE,
529900BD50TRWEG1SF63,KY,
529900BF8WCYOHYGIJ13,US,
529900BHRYZ464GFD289,DE,
529900BI5KIGX6YLX375,AT,
529900BKFJBI0QRDJH63,AT,
529900BRKIE6LKIEXD84,LU,
529900BRSKLJ02GZEV24,DE,
529900BTVBBK80K2NX09,LU,
529900BXT90HR4QTB688,CG,
529900C2G37NOIADYW07,HK,
529900C3EX1FZGE48X78,DE,
529900C43C3XHEABRP33,DE,
529900C4BQB2G2UM9E04,DE,
529900C4RSSBWXBSY931,DE,
529900C9NVPTCPDI1D65,NL,DE
529900CJ17G943CNZO11,DE,
529900CJAJ0HDPPKUI53,DE,
529900CLC3WDMGI9VH80,PT,
529900CMRQYW4U1W2456,CH,
529900CQTHTS59J2JM73,DE,
529900CSF1DNOCHMI763,DE,
529900CTBGBGKZRFCQ40,DE,
529900CTGVH1O8WHQS63,CH,
529900CZEOX7U3G4CG12,AT,
529900D1ZX75KRP2HC66,AR,
529900D37W5H79U44924,DE,
529900D4CD6DIB3CI904,AT,
529900D6BF99LW9R2E68,DE,
529900D82I6R9601CF26,DE,
529900D8QLTZ6PRLJL76,DK,
529900DABS4IID6ZKQ11,DE,
529900DCWYI92XM86065,DE,
529900DGBS8BDB9P2R35,DE,
529900DNT8HNJ7RYUO60,MU,
529900DTKNXL0AXQFN28,BE,
529900DV88FUQZSVVL48,NL,
529900E12Z6HXIMHFA15,DE,
529900E346KL39O2DV54,CH,
529900EE60VKJXEZD442,LU,
529900EHUSQJVOTP9J45,AT,
529900ELI5AQ9F74PF85,HU,
529900ERB0NHL7AD7263,AT,
529900ERDFHS6C1M4U58,NL,DE
529900EVOKN4LCCD9321,AT,
529900EZ29I5KXPV2J32,LU,
529900F00S0DTFX1D404,CH,
529900F0LT5OP4SV6122,DE,
529900F1VOCPF50VSS07,CH,CH
529900F2BTF8AUQGEP42,AR,
529900F3MBW9XY5K1X07,MA,
529900F5KTT6ZUPA8N40,DE,
529900F7Y171QF1RSU09,LT,
529900F9KI6OYITO9B12,DE,
529900F9XKMFEV9DNO17,VG,
529900FB2F1WKLFNGY62,US,US
529900FBPSZMKBSR1K04,DE,
529900FD2SD2M48A6753,AR,
529900FEID5L4H2T2L70,AT,
529900FH69OJYRZML955,DE,
529900FHJJO7P4JJ9753,DE,
529900FNDVTQJOVVPZ19,FR,
529900FNLE8ZOPUOT704,PT,
529900FODTBQC8MIS994,US,
529900FT3P7Z5T931802,DE,
529900FWX0GRR7WG5W79,ID,
529900FXM41XSCUSGH04,FR,
529900FZRK8FGMPEOM08,BE,
529900G3SW56SHYNPR95,DE,
529900G8OEFEN6314067,DE,DE
529900GB7KCA94ACC940,DE,
529900GBH9XYPD4XZZ70,VG,
529900GFIVH4086NMH82,EG,
529900GGHNJ469700I65,LU,
529900GGYMNGRQTDOO93,NL,
529900GJD3OQLRZCKW37,DE,
529900GJOSVHI055QR67,EE,
529900GJZ0YSF39WRN61,AT,
529900GLI1U53NGAH103,DE,
529900GM944JT8YIRL63,DE,
529900GMNDOYQSAJAE76,JP,
529900GNB86RB7HRX793,LU,
529900GPOO9ISPD1EE83,AT,
529900GR62MT0O5VW110,LU,
529900GS012UFPL73V94,DE,
529900GW2J8DSYJHEH26,LU,
529900GXHPSHYHBLHP23,NL,DE
529900GYK1ZP9TALNG82,DE,
529900H2MBEC07BLTB26,PT,
529900H4DWG3KWMBMQ39,LU,
529900H8FIYAOV5FUW68,DE,
529900HA2QT774RUXW59,DE,
529900HEKOENJHPNN480,FI,
529900HFU43JDJVX4X51,DE,
529900HHAI6YR14M3S54,DE,
529900HNOAA1KXQJUQ27,DE,
529900HPQFHMCG25MZ72,BE,
529900HVDYCUWVD0OE76,DE,
529900HVS4Z5CWV6W775,PA,
529900HW6RRE60R7NH12,LU,
529900I1UZV70CZRAU55,HR,
529900I3C5GIC5FGJK93,CH,CH
529900I76X1QLK6WR054,DE,
529900I88AOT7YXRMQ23,DE,
529900I8U6Q5SYDNLT48,US,
529900I8VLAZR2FJ0M10,CH,
529900ICA8XQYGIKR372,AT,
529900IJ6T4P1O10R377,DK,
529900IKZG65COT1D505,US,
529900IMXUCQKUL1H943,JP,
529900IWRUBPP2VNQB05,AT,
529900IYGYC6VSDSDF37,GB,
529900IZQWBFU4SUI930,DE,
529900J6VNDBVTKV7I86,DE,
529900J7FSFACAGZ5042,GR,
529900J7MYLKI84UP772,US,
529900J9F41PU70ANE36,LI,
529900JB2S6CH38UQ526,DE,
529900JCAKTMRXK9EA58,NL,
529900JEHFM47DYY3S57,LU,
529900JERDUFYPB1MS34,CH,
529900JF2PLIO3XZM472,DE,
529900JFA3K6PTLT8B15,US,
529900JG015JC10LED24,EE,
529900JI1GG6F7RKVI53,FR,
529900JK6UXHY1YKZ082,NL,
529900JL0HDVGZMUJF32,DE,
529900JMSS8EHPG02213,DE,
529900JQUPIQW0D5RA73,LU,
529900JSFZ4TS59HKD79,DE,
529900JUV61FH7B8VW38,US,
529900JUYWPVJ3EAX160,US,
529900JX0H45QUN1EC58,BM,
529900JXALYBOHXKFM62,US,
529900JY55CZKMJLCE09,MX,
529900JYGMS9CW9IQX78,US,
529900JYJNNOKKAGK736,CH,
529900JZXXU699FCKK89,DE,
529900K094KMHKJ4TS82,DE,
529900K16YGKC8BES892,DE,
529900K2T7K523WPRM50,DE,
529900K900DW6SUBM174,US,
529900K9B0N5BT694847,DE,
529900KBQWH91N5V5D11,DE,
529900KEOKKPYZLTAU90,NL,DE
529900KIN5BE45V5KB18,DE,
529900KO7GW24CKAHU08,DE,
529900KQ44OJDIDU6J81,DE,
529900KRXRGXL61SG039,US,
529900KSXDSI4ZR9IS44,DE,
529900KU5LFL22MEGK07,NL,
529900KUUA4ACUP12G17,DE,
529900KV8TZ3U89I6O72,LU,
529900L0ETIP76Q5L056,DE,
529900L26863H1FN4S52,DE,
529900L2Q97QJ6NF8O13,AR,
529900L64X6KZZW19R71,DE,
529900L73GEWN1O5NH84,GB,
529900LA98JTSA1MF831,DE,
529900LG0ZUI1LJU1P46,DE,
529900LG618OWYVHI655,CO,
529900LIN8L1K9MLTR09,DE,
529900LIZJABE4JJS826,TG,
529900LKF4CC6BHG3L37,DE,
529900LOP29R5WKHOD86,PK,
529900LRJU1RAFQHM467,US,
529900LT593XA93OL092,BE,
529900LU7D396TOO3B50,AT,
529900LY2CVH8QZD1O30,US,
529900M039WCPES03P17,CA,
529900M13GM4VSTE6W80,FI,
529900M53IPBPMI4FI96,DE,
529900MFTCNJE8PQM633,DE,
529900MQ8CL8FLAGEQ79,SG,
529900MRL9Z13ZCRVD74,US,
529900MRXI5QEMS86V46,KG,
529900MTK3C8Y8TIIC10,US,
529900MUF4C20K50JS49,DE,
529900MZ0RTK1BWRNF46,US,
529900N01HMPQ5QK4H13,CH,
529900N0M7FQHNAV1A41,DE,
529900N2ZB1B52JB2F83,IT,
529900N4SUIP0URJT330,CL,
529900NHAJN3W5HYMG07,CH,
529900NI5MXQ91GHXR07,GB,
529900NLSO3VLFW8JQ35,DE,
529900NNSQCX28FWBW79,DE,
529900NTVDLUSYY9F493,US,
529900NZ6MAST5IJF669,CH,
529900O1DTDLCJ7L0I14,US,
529900O4HQ501ZCXL896,PT,
529900O4UGETQ9Q3AA63,HU,
529900O5RR7R39FRDM42,SE,
529900O7Y19DFQY7AW02,QA,
529900OAREIS0MOPTW25,DE,
529900OBCZMX3TFA0673,DE,
529900ODI3047E2LIV03,FI,
529900OE1FOAM50XLP72,LI,
529900OKPZTTS50FXP26,LU,
529900ONXKBELT7EW052,DE,
529900OOW8ELHOXWZP82,AT,
529900OT13W2RD3VUT30,US,
529900OUH9M39G9DBH50,IT,
529900OZ5000U0NZHM90,DE,
529900P5TAD0ABFTMV10,DE,
529900P9N7PK9LV5EK56,US,
529900PBDH6JEQM2DH89,CH,
529900PCL1029AI1H568,DE,
529900PFO97GCN5SYB55,CH,
529900PG0XCL4LICL838,BG,
529900PH63HYJ86ASW55,DE,
529900PLX4ADJFWIY024,DE,
529900PM64WH8AF1E917,DE,
529900POEO7KMKWM0A53,DE,
529900PQK4B77RMGJ431,DE,
529900PSZHRNU9HKH870,US,
529900PTLRE72EMYIJ77,DE,
529900PVNQ0FQUKJQ049,CH,
529900PWCU5DUH1DYR51,CA,
529900Q00UR5LFELO811,LU,
529900Q0YED3805QXQ66,CH,
529900Q1OR7LI4GOGW68,LU,
529900Q2OWN5A80FKR80,DE,
529900Q55QAG41CCAC11,US,
529900Q6VZVL47QJCQ91,PY,
529900QAEEZOGUK5F293,DE,
529900QC5O0RTEVUB539,DE,
529900QE24Q67I3FWZ10,DE,
529900QEJ1SBDCKAXC83,DE,
529900QG9TOWTXWOBF90,AR,
529900QI55ZLJVCMPA71,FR,
529900QIJIGPI0DRL085,LU,
529900QIQHMC6HSFBW06,DE,
529900QKDFFU9UWW5315,GT,
529900QPC4K9S1KHL354,LB,
529900QWWUI4XRVR7I03,AT,
529900QXC6TDASMCSU89,DE,
529900R27DL06UVNT076,DE,
529900R5M31MQZOKP538,DE,
529900R5WX9N2OI2N910,JP,
529900R7PUR285KNV665,AR,
529900R9HQNZRT2OXB26,DK,
529900RAHBALMYIJ3T08,PH,
529900RCLERIIXF4QM23,AT,
529900RDGHQY8XKXPN14,KY,
529900RHNCK0OF2WAB70,DE,
529900RHWKTPRPTY9Q69,DE,
529900RLNSGA90UPEH54,US,
529900RRNKUM3INJGF98,NL,
529900RTOQ8GRWHY1O58,US,
529900RTQQ0IIS4B3E03,NL,DK
529900RTSGHDD7OOSO86,DE,
529900RUGCXMPEENHQ31,NL,DE
529900RWC8ZYB066JF16,MT,
529900RWXR4JI3JYTV70,US,
529900RYHTCF5X9DD509,LU,
529900RZKAP0H9WF1Q06,DE,
529900S1KHKOEQL5CK20,DE,
529900S21EQ1BO4ESM68,FR,
529900S2ONULR0DJ1J06,LU,
529900S3ZI14OWRJII50,US,
529900S5R9YHJHYKKG94,CZ,
529900S8991TYW6YP792,US,
529900S9YO2JHTIIDG38,AT,
529900SBVYTUKH05B717,DE,
529900SD9F0NFGBUIK83,DE,DE
529900SH895E31PGLA72,DE,
529900SICIK5OVMVY186,ES,
529900SJ7X71ESJK9N76,LU,
529900SKHHNI5HVI0Y66,PE,
529900SL2WSPV293B552,DE,
529900SSBV5I4LWSK313,US,
529900SSGT49ZZSWYE62,DE,DE
529900SUC9JUI6M74U66,NL,
529900SUJBXTORH0LT80,CH,
529900SUURYOXKCQ6Z90,DE,
529900SVD83QUUIZYY18,DE,
529900T1ZDSQA2OKWE72,DE,
529900T6WNZXD2R3JW38,DK,
529900TACNVLY9DCR586,US,
529900TAE68USJNXLR59,DE,
529900TGIRPY3SZXEB56,BO,
529900TGYGAO0JAEZH69,DE,
529900TH4OAW7WYG1777,NO,
529900TH5WJ6KE8N8Z35,KZ,
529900TI0M1TZ2S92K10,DE,
529900TM5726KDN7UU35,US,
529900TN2PKZHS1IRE41,DE,
529900TPAPL2QKAZIO76,NL,CH
529900TPRILCY8WVKI23,CH,
529900TQ8QL907KHBA76,DE,
529900TUCASM3W86E831,AU,
529900U1YCFFXHPFJR83,DE,
529900U7G8NTVARTF926,PE,
529900UCNQ5H9FSL0Y70,US,
529900UD1KUUS4SFD905,BB,
529900UEWUHSPPJQ1R79,BE,
529900UHZK3SEUYFH322,DE,
529900UNUKYZ9HND3309,AT,
529900UUANUJ60MNMX97,AT,
529900UUYBCBB7HMVI56,NL,
529900UVBCD39GT3X913,BE,
529900UXKJTJPCU0HK83,PY,
529900V2939FDC9YKQ07,AT,
529900V54UV5XQUK5S85,AT,MX
529900V5CYYSD8ADKQ03,AR,
529900VBB5T4TR8NJ082,LU,CH
529900VBK42Y5HHRMD23,US,
529900VFZ6ZK7UVJI882,DE,
529900VHLRTKPWZJBM84,US,
529900VSEKBY7TMPP349,CH,
529900VWPV1LPOHGJ702,DE,
529900VXIFBHO0SW2I31,AT,
529900VYBTC7HKBCNB72,DE,
529900VZFN87OS7WJM66,KY,
529900W1I85304TUK855,AT,
529900W1LSYUF3CYVU10,TJ,
529900W3LYB3HMJ1FV68,DE,
529900W3MOO00A18X956,HU,
529900W6O0OSTESO4404,DE,
529900WEWTWSNCK1VE42,AT,
529900WJI20NRSA96C93,DE,
529900WNKTQZFYP0SH73,DE,
529900WNWN5L0OVDHA79,US,
529900WPY8W1O05L3Z51,DE,
529900WUKMUUP16A4F62,DK,DK
529900WYWA4CEU70N964,DE,
529900X0H1IO3RS1A464,IT,
529900X41C0BSLK67H70,DK,
529900XDPQPWEQ9BGB80,AE,
529900XFQMTTCJ16ZQ56,CH,
529900XM8PJTJK5OJI77,VE,
529900XO8NUCKQJFB816,DE,
529900XU3Z9D2HLBR716,LU,CH
529900XWNEXYNJ3X6T40,US,DE
529900XY3HNQR2Z3FZ38,DE,
529900XZD44GIZLPUT72,DE,
529900Y25S8NZIYTT924,DE,
529900Y2N2GAY3FXGP86,DE,
529900Y5PUIBWBPAQV20,DE,
529900Y6Q7R44JF7XX56,DE,
529900Y93KNSXZI8KK56,JM,
529900Y9QTEFHFEKQ736,DE,
529900YEXNDM894PWS93,IL,
529900YI5W5TQ8F2FP82,DE,
529900YISSWARKQRS409,AR,
529900YKXJ59OSNZUL14,DE,
529900YLDW34GJAO4J06,US,
529900YQA5JL2H2VMB84,US,
529900YRFFGH5AXU4S86,DE,
529900YURAYD4IJX2J91,DE,
529900YVXCGNWAUYZG78,SE,
529900YYYN57F8GSXH16,DE,
529900YZ70LX0XWS9P67,AR,
529900Z3J0N6S0F7CT25,DE,
529900Z7NMGN5XV0RV34,CH,
529900ZA5USL8RSNOH78,DE,
529900ZAFSOBVFCKF263,AT,
529900ZAFZ28HSSKW551,DE,
529900ZAXBMQDIWPNB72,AT,
529900ZB2IL1HUTFQ193,AU,
529900ZG3L6Z4K64S041,LU,
529900ZIUEYVSB8QDD25,US,
529900ZIV0ETYHYZM863,DE,
529900ZMNQFCPP762W05,CH,
529900ZR5QI19AH4KZ07,BM,
529900ZTE5639NJOJX29,US,
529900ZTQC8D1TW6BL41,NL,DE
529900ZY6XD6EVGDBG24,DE,
54930003T4SXCIWVXY35,US,
54930003WQ56T0558M33,LU,
54930005OUP720S5U385,US,
549300060GVOSMWARH50,US,
549300060XNJ90PLNS10,BE,
54930006QJ0T5AUO1E71,US,
549300072P3J1X8NZO35,NL,
54930007FVPKN1NNHV37,NL,
54930007K0WX53TSIK16,AU,
54930007SJ77CI66U531,US,
5493000887R2TI3PUB86,KY,
54930008H2137JSCPQ09,US,
5493000C01ZX7D35SD85,US,
5493000CGCQY2OQU7669,US,
5493000CZJ19CK4P3G36,US,
5493000D6NN0V57UME20,US,
5493000EAJN1KMPVA737,US,
5493000EYEKDT0FBSQ91,US,
5493000F3MSFGIXTQE27,US,
5493000F4ZO33MV32P92,US,
5493000FIKCC3ZDWTO77,CL,
5493000FJNZ87X3G0H05,LU,JE
5493000FNR3UCEAONM59,MX,
5493000FQDBWKDBZEF60,KY,
5493000FQO8XF9C0RT95,SG,
5493000G3EFX9S7TDE29,CA,
5493000GMVR38VUO5D39,BE,
5493000JOOFAOUY1JZ87,US,
5493000JW8DCO3T45R55,US,
5493000JWK6XWFEUD320,CH,
5493000JZ4MYPVMBVN50,JO,
5493000K6Y58XXPDF853,US,
5493000KUC3Z24U77V93,CH,
5493000LKS7B3UTF7H35,PL,
5493000LKVGOO9PELI61,CH,
5493000LM0MZ4JPMGM90,ES,
5493000LZIE4T625R469,KY,
5493000M6Z4XFIP6PF03,CA,
5493000MQFBZJO3WYZ93,CL,
5493000MW6H7G7JFNQ88,GB,GB
5493000MY3DAIB0BP706,MX,
5493000O0NZ1BCXO8K39,BE,
5493000P70CQRQG8SN85,IT,
5493000PCHOG3B6S3Q85,TR,
5493000PGBS1C22ELQ16,CA,
5493000RIXURZEBFEV60,MX,
5493000SA3K24EQKA103,AE,
5493000T6CXTND40YH31,US,
5493000TSHHWY24VHM09,US,
5493000UPYR7EEHN2R94,SI,
5493000UVC6H49CIH830,US,
5493000UYHRBXEIYUQ69,KY,
5493000WDH6A0LHDJD55,US,
5493000XDKGUH5NQGE22,NL,
5493000XJLJ6C4T0PG82,MX,
5493000Y33XDVO2CXC18,US,
549300110BRSS7DV8V39,DE,
54930011BLQ0JPRBAL73,MX,
54930012FBFVNU7RWO57,US,
54930012H97VSM0I2R19,US,
54930012UY5Z4Q8NL108,US,
54930013V5I303TF9571,US,
549300147YMUQB3GW319,US,
54930015QM0G7XTNYR27,IE,
549300187TP95ZWG8155,DE,JE
54930018SOOHBHRLWC16,CL,
54930019D5P01WQQZF17,NL,PT
5493001BABFV7P27OW30,SI,
5493001BCHQUL6XDMB02,NO,
5493001EZOOA66PTBR68,FR,
5493001F4PWVVX0CMI56,ES,
5493001FS9QJLJNF3E20,US,
5493001HGBABMWFZUI25,JP,
5493001HHX62PQCEEH95,NL,
5493001IPW8ZGQ181Z16,VG,
5493001JFF8MQO00ZQ21,US,US
5493001JFHKQOPP6XA71,US,
5493001JZ37UBBZF6L49,IN,
5493001KQW6DM7KEDR62,CN,
5493001L78U618KXNZ75,US,
5493001N9T6QDCCXB426,DE,DE
5493001NEDZNIFRP2R92,US,
5493001NTNQJDH60PM02,KY,
5493001P7BX1N0JAG961,SE,
5493001Q9EXPCEL4W527,US,
5493001TRCGXJLRLHN14,PE,
5493001U1K6M7JOL5W45,HU,
5493001X4LH60PFRL744,US,
5493001Z3ZE83NGK8Y12,GB,
5493001ZMCICV4N02J21,FR,
54930021BO6NHYGBBV24,CM,
54930021QV18ZVZQDE71,IE,
54930022CZO1N2UGVW07,US,
54930023EP1OE5MKWF89,US,
54930024XOXET7NQVZ63,US,
54930025D80LU0SMR645,CA,
54930027N9ZAVYFDHK53,US,
54930028YG89VTY2J114,US,
549300298FD7AS4PPU70,DE,
54930029BCN8HF3B1286,AE,
54930029I8ROQ4OROZ88,US,
5493002B66JX7J7SXI33,US,
5493002BI0S2ZQUY3437,US,
5493002BJQRO0S06F161,BE,
5493002CLOJ5KYT5GB16,US,
5493002CONDB4N2HKI23,US,
5493002DM420BXGOTQ52,GB,
5493002DW1JNBNG17615,HN,
5493002ENHZ6NYET7405,NL,
5493002ERZU2K9PZDL40,CN,
5493002F0SC4JTBU5137,US,
5493002HJ10W0BB7T830,KY,
5493002J2SVENP0PVK27,US,
5493002KF87V5RSRQS84,US,
5493002MYX22OHYJBD89,US,
5493002N598MXOKUEF55,IE,
5493002NNXYRK7NB2184,VG,
5493002NOQBAWLD8YZ55,VG,
5493002P6SL6ANYFUJ27,PT,
5493002QQ7GD21OWF963,CA,
5493002SQ1AVQBY41K40,US,
5493002SUYZDHEQ3JN34,NL,
5493002W5C9Z753C7Q57,AU,
5493002WL2W5WMS89568,US,
5493002XN8FRTYQLR778,AR,
5493002XSS7K7RHN1V37,TR,
5493002XXBV8B88K2408,NL,
5493002Y01YAFV45F528,US,CH
5493002YCY6HTK0OUR29,NL,
5493002YS021166W0339,US,
54930032LHW54PQUJD44,US,
549300349K24AVAQ7B24,AR,
54930034UPFJV0NHXV95,HK,
54930035UDEIH090K650,US,
54930036474DURYNB481,CA,
54930036C8MWP850MI84,US,
54930036WK3GMCN17Z57,NL,
54930037VUDNYTS17017,KY,
5493003B50SM3XIJDQ79,DK,
5493003BZYYYCDIO0R13,JP,
5493003CYRY5RFGTIR97,US,
5493003EG7H0N1E4XV50,US,
5493003GN3O58H286O74,US,
5493003GR6L4DZOS2U12,LU,
5493003H2CB2KXPP7461,NL,
5493003HSDTSCZRXBA58,US,
5493003I42XBWPE05N35,US,
5493003JOBJGLZSDDQ28,US,
5493003L32ZX9557ST85,AU,
5493003LN2KNNGM2Q244,KY,
5493003N7447U18U5U53,AR,
5493003NUVITP3TMY274,AU,
5493003P813VL21KG928,KR,
5493003POT0JT6WD1D83,US,
5493003PX4GYVUD3CQ19,VG,
5493003QENHHS261UR94,US,
5493003QILFOB3JRKE30,CA,
5493003RFFE030RC9167,US,
5493003RO1EBM4E5IG13,HK,
5493003RZQYJM7QGNE15,MY,
5493003STKEZ2S0RNU91,US,US
5493003T8SZSHOGGAW52,US,
5493003UA6VMND084504,US,
5493003UOETFYRONLG31,IN,
5493003VJXZ5JXT9S762,US,
5493003VM0XB4U8YD238,US,
5493003VQJLE2QB8IF36,CL,
5493003WEAK2PJ5WS063,US,
549300406TN7EY0NPH20,US,
54930041WVM8UQXIKQ63,PT,
5493004201F72ADDZW04,US,
54930042348RKR3ZPN35,US,
549300423Z16BB673J12,US,DE
549300424FNJMWD3CO80,GB,GB
54930042CRNE713E3Q67,US,
54930042S3BYCEGOCN86,NL,
54930043FTE0M50CGG56,IE,
54930043I78H35DVVW89,US,US
54930044475SH442C864,IE,IE
54930044KVSC06Z79I06,US,
54930045CRYTH0OUOH72,LU,
54930047DU4WCPOIO219,MO,
549300496LYEZ55X1M49,SE,
54930049FXZMTLW8D496,US,
54930049QLLMPART6V29,US,
5493004B26DRJNN0OV17,GB,
5493004CBNAV0VR4W243,CN,
5493004CKJQ7H391LM41,CL,
5493004DVZLD37DJ0H83,US,
5493004G3J2SC154DU06,US,
5493004H5I9OSHJVW663,CH,
5493004HI6PFLF46NS53,US,
5493004JF0SDFLM8GD76,US,
5493004JXXFB454B6L79,NL,CH
5493004KVU1HWZCP0C66,US,
5493004KWB6Z7J7WN926,LU,
5493004LGN656HWLDA30,US,
5493004MCF8JDC86VS77,US,
5493004NW4M4P8TMMK63,US,
5493004P1F1N0081ID73,IE,
5493004PWQ01YDD1IH62,CA,
5493004PZNZWWBOUV388,ES,ES
5493004Q1NNH6JXCSI52,US,
5493004Q73OEYW1SPE91,SE,
5493004QI4QQE17ETY06,CA,
5493004R4EJC0W0XVQ72,CL,
5493004RSX004WU3UT62,US,
5493004T21MOAFINJP35,NL,
5493004U8XEGPFWIBZ14,MY,
5493004V6A3Z027YT216,FR,
5493004W8TRGD63APX93,US,
5493004WMLN60ZJ2ON46,US,
5493004X96PV3VY6KB95,US,
5493004ZIDB3D67KKA03,JP,
5493005044RTLQ5RZU70,EE,
549300505KLOET039L77,US,
54930052NWJRPNMP1W58,CO,
54930053HGCFWVHYZX42,CN,
54930055TH0ZLSAQMJ38,US,
549300561UZND4C7B569,CA,
54930056FHWP7GIWYY08,DE,
54930056IRBXK0Q1FP96,ES,
54930057MDZ7KOVOTV71,US,
54930058TO7MEKUHWL16,CA,
5493005DJBML6LY3RV36,BE,
5493005EFLOPQ4K0ZF42,NO,
5493005G0GNCHP0H6L96,CA,
5493005GKEG8QCVY7037,US,
5493005GNGE7UFJCIL03,FR,
5493005JBO5YSIGK1814,US,
5493005JQNLB3I01JW62,KY,
5493005KP4RP3IU7HQ41,CA,
5493005KS8NQNY3SFW70,NL,
5493005M8TJ0J6IMUF67,GB,
5493005ROG3FS85TE513,PA,
5493005RZJHJT5PNHY10,LT,
5493005SL9HHOXS3B739,CH,
5493005SMYID1D2OY946,US,
5493005TQOUJE1LCS698,US,
5493005TTO0UJ33KCK70,CA,
5493005X2GO78EFZ3E94,US,
5493005XDMOLBARL5M14,NL,
5493005YJTU769NW5I10,LU,
54930062R6OFRHBRAI29,KY,
5493006456YEZEELRR90,GB,
549300648QS85T0XSH18,US,
54930064DJ4U15OBV665,LU,
54930064UHXCIUWVI755,US,
54930065PJIB53WWMP12,BH,
54930066VBP7DZEGGJ87,US,
54930067J0ZNOEBRW338,US,
54930068BSUST41D5C30,LU,
5493006GGLR4BTEL8O61,JP,
5493006HLPNGDDC12P30,LU,
5493006I78VIN6J1BQ95,US,
5493006IH2N2WMIBB742,FR,
5493006IRJ2IWXTNIM16,BH,
5493006KRZ0SJO41LZ83,JP,
5493006M8GRAQRCSCD67,KY,
5493006MHB84DD0ZWV18,US,
5493006ORUSIL88JOE18,US,
5493006PITD7MU7WW480,US,
5493006QMFDDMYWIAM13,ES,
5493006R1UFP04UR9N08,CH,
5493006R4KC2OI5D3470,DK,
5493006T3O70U3UWVF17,US,
5493006U67P2Y34N2G08,US,US
5493006V07LYI3HE6G83,VG,CN
5493006V3WX8F38SQ991,KY,
5493006VM2LKUPSEDU20,GB,
5493006W3QUS5LMH6R84,JP,
5493006YXS1U5GIHE750,LU,
5493006Z6YQYCCN2XI74,MU,
5493007050SJVMXN6L29,FI,
54930070J9H97ZO93T57,US,
54930070NSV60J38I987,US,
54930073HKEO6GZBSS03,US,
54930073LBBH6ZCBE225,US,
54930073OEL5K0Y7NK81,US,
54930074AZRQQPMINM11,LU,
54930074DH4YRWTS3R80,NO,
549300756XI3QLFT2U27,US,
54930075MZSSIB2TGC64,FR,
54930076J6KDZL504O62,US,
549300777DJZOR5C4L39,LU,
5493007B9BM9ZXJINO78,US,
5493007BWYDPQZLZ0Y27,AT,
5493007CNWMXN78JRN66,US,
5493007CT6ATBZ2L6826,US,
5493007DFAVKU7UOGR47,KY,
5493007DMEBZH3CQ5E51,NL,
5493007DY18BGNLDWU14,US,
5493007FKT78NKPM5V55,SG,
5493007GBX87QOZACS27,CA,
5493007GRMPGDJG93Z17,MX,
5493007GVB1I2FDSS786,LU,
5493007HIVTX6SY6XD66,CH,
5493007JDSMX8Z5Z1902,US,
5493007L8UH7TYXKI505,MX,
5493007LKZ37MXEN5D79,FR,
5493007LOTJ0I8E94R81,FR,
5493007O3QFXCPOGWK22,SG,
5493007OEK8EF02UO833,KZ,
5493007P4MCJM21IB748,FI,
5493007PTFULNYZJ1R12,US,
5493007Q8VD7Q3ZYZS59,US,
5493007RY69UEB1F1B45,US,
5493007SJLLCTM6J6M37,ES,
5493007VGEKBZGZ6PC69,SE,
5493007VSMFZCPV1NB83,JP,
5493007WHKI5H75YJ358,NL,
5493007X12FTT746N678,NL,
5493007YCE0652G9TZ64,US,
5493007YYYNZ4NMEOD64,JP,
54930080R72Y2Z31UR68,US,
54930081LPJMUMEA6E57,AU,
54930086P8MBY4IN4E29,NL,GB
549300873K3LXF7ARU34,US,
54930088VDQ6840Y6597,US,
54930089Q7XT501AEA40,US,
5493008AAX0BESN9WN06,BE,
5493008B6JBRUJ90QL97,US,US
5493008BHPFUA1XULZ76,DE,
5493008C0EW2LHRN0275,KY,
5493008C12PZMWP3WY03,US,
5493008CARDZMVQ3LO89,PR,
5493008CT3N3JR7P1552,US,
5493008DX0TK7OFLV260,AU,
5493008FLJYWGCMZDN21,KY,
5493008H3828EMEXB082,BE,
5493008HSF8L4M2LIJ82,US,
5493008I795YYBFWFU90,US,
5493008IUOJ5VWTRC333,US,
5493008JKH5SOTI0JS97,US,
5493008JPA4HYMH1HX51,LU,
5493008K1QMSP0J8UC24,US,
5493008K7TB0IKP37H79,US,
5493008KDA8NBZRJST80,KY,
5493008KEVFYPMGTXO33,MX,
5493008MSAGSTUCMKL66,CH,
5493008P45UYYL683Z97,US,
5493008P6N29Q1AG9464,IL,
5493008PTR2GAOYBXW28,US,
5493008RWEW71JB0LO29,VG,
5493008SR6XZECH6BN71,BE,
5493008T4YG3AQUI7P67,ES,
5493008U7KIGMI59Z314,US,
5493008V60M52L3PIS45,KY,
5493008W785ZKQMVNG08,US,
5493008YL42784DMWN61,DK,
54930093Q75GSEM74I71,US,DE
54930096DB9LCLPN7H13,US,
5493009BGIJJLWNPOJ21,GB,
5493009CCXH3RNCA7U43,IT,
5493009DJVZG2P8YV435,CA,
5493009ENVPU6MVTKS64,BE,
5493009GY1X8GQ66AM14,FI,
5493009HMD0C90GUV498,ES,
5493009ML300G373MZ12,US,
5493009NTB34VXE1T760,US,
5493009O8F3QQJTCQR75,US,
5493009OEHU6YS545T65,GB,
5493009PSH4G32XBT796,VG,
5493009TO08H2XXXHQ45,ES,FR
5493009VA6AFUB2Q0289,CR,
5493009W2E2YDCXY6S81,PT,
5493009ZDBVG2CO1O689,FI,
5493009ZGZJJ8F77JN08,US,
549300A07UNNRZ2DVQ26,KY,
549300A0I5ONUIFMLP35,US,US
549300A0JPRWG1KI7U06,FI,
549300A2F46GR0UOM390,HR,
549300A3EZXECDLW2V25,BE,
549300A5OEF3CJI2CO89,IE,
549300A7OP1JIVHGH118,KY,
549300A8MDWDJNMLV153,MX,
549300AA2JE6ZQ5D2493,NL,
549300ABE4K96QOCEH37,IT,
549300AFOM7IVKIU1G39,US,
549300AJ3LI4FWNRQX29,US,
549300AJEL5F0D7SF384,US,
549300AMCKY57OK2CO56,US,
549300AO4NFQPL3JBB37,AU,
549300AP2Q7ERHX6RI89,US,
549300APVP4R32PI3Y06,KR,
549300AQESC6JJOPW253,BE,
549300AS6XQBD4ETT379,BE,CH
549300AY225QXN79YF87,CH,
549300AYR4P8AFKDCE43,BM,
549300B08PWLU1PL0N63,BE,
549300B0J6YCXD63OG72,US,
549300B2FTG34FILDR98,US,
549300B2Q47IR0CR5B54,CA,
549300B3CEAHYG7K8164,JP,
549300B456N0WEIC5249,CA,CA
549300B5C08LGDFB7205,PA,
549300B6HWYEE57O8J84,SE,
549300B6PYHMCTDWQV29,CA,
549300B6VEZK3N0A1P55,US,
549300B7OYKYJLTE3G11,US,
549300B8P6MUJ1YWTS08,FR,
549300B9WLO96RQCXP87,US,
549300BA7TYPBSZZIA41,KY,
549300BC2UB0GHV60V70,US,
549300BC48TWBTNIBO28,PA,
549300BE5DY1HW7IHA64,US,
549300BFOD6TDMVV4O24,US,
549300BHKNQHVK7MQW57,GB,
549300BHN1HB5BNG2R96,GB,
549300BHVD63HE2GHX17,VG,
549300BHXCDJ03WU7N77,BM,
549300BIPDLRC1B3OO64,US,CH
549300BJ6IA5S2UFVN71,KY,
549300BKDDQ56JWCBT72,BE,
549300BKPEP01R3V6C59,US,
549300BLETICMY13WN65,CH,
549300BNTOWVWFNVTJ65,US,
549300BO9IWPF3S48F93,US,
549300BRDKZ1HFI2J358,IE,
549300BUDHS3LRWBE814,US,
549300BX44RGX6ANDV88,US,
549300BX623VURJZ5269,US,
549300BXF2DWUNN57U06,US,
549300BXQ1PX3KGZRT72,US,
549300BXVNOCYQ83FU09,NL,
549300BY1IZV1E6BKJ60,KY,
549300BZ3GKOJ13V6F87,SI,
549300BZGC73FHYP9S05,SD,
549300BZIXJC8VMVL814,BE,
549300C1PQJLVEIUBK50,US,
549300C2AFWPAYWS5574,US,
549300C2SXK7TLB4RX62,KY,QA
549300C2XKS86VQDGV41,CH,
549300C3FJ5JIMZNEN16,IE,GB
549300C3HATU4Q460S18,US,GB
549300C4ROP5J6I59W35,IE,IE
549300C631IMXCSMN048,US,
549300C654ZPQWG3JF34,GB,CH
549300C6OZZ8LTVR8209,VG,
549300C6TUMDXNOVXS82,SE,
549300CAZKPF4HKMPX17,MX,
549300CAZYIH39SYQ287,US,
549300CBCHB6Q73VG753,PA,
549300CCL2BKJGMYXV60,TH,
549300CDHTQI6RR8MR96,US,
549300CJHBL7JBUA6503,US,
549300CJMQNCA0U4TS33,FR,
549300CLQZ6TM98LW631,LU,CH
549300CMHPBEY6VPOT75,US,
549300CN3134K4LC0651,PA,
549300CP8NY40UP89Q40,DE,
549300CRGMZK3K53BF92,US,
549300CRVT18MXX0AG93,GB,GB
549300CTE3HOMEUMM603,US,
549300CTHC1CP86P2G96,LU,
549300CTUU1RFXHQJE44,BR,
549300CUF7B1LAB15T90,KY,
549300CUWDAUZSH43859,US,
549300CUZUI9VU7XNK42,US,CH
549300CW356R8I7N8D33,NL,
549300CWRXC5EP004533,BE,
549300CY8QZDL4Z3RU59,US,
549300CZ84WPNJZKY093,CA,
549300CZ8QS1GE53O776,US,
549300CZOCFHQ2BBTR11,US,
549300CZVZYSMSGX6X78,MT,
549300D1ESJMGNQNG432,US,
549300D2FBW76FPUSG65,AU,
549300D2K6PKKKXVNN73,DK,
549300D2KJ20JMXE7542,US,
549300D2L6J4NC1QVZ22,US,
549300D3L3G0R4U4VT04,US,
549300D4549QKWETZ406,US,
549300D46DQVEU651W04,US,
549300D5I93QWCJTCK36,GB,
549300D7FJZUOHHXUA81,US,
549300D7XCH2480XU542,US,
549300D8GOWWH0SJB189,US,
549300DAQ1CVT6CXN342,DK,
549300DCJE6AYX159479,US,
549300DDU6FDRBIELS05,US,
549300DEUV6BE727FP17,GB,JE
549300DF5MV96DRYLQ48,US,
549300DIYGW8HVDF7Q17,LU,
549300DJ09SMTO561131,US,
549300DKPDN9M5S8GB14,US,
549300DN8D7YR73BKB57,AU,
549300DNGHXL0OMHW304,US,
549300DO71RQ0W5CER62,KY,
549300DONDFW2383FV66,AE,
549300DOVZ3EDJB7O259,US,
549300DRQQI75D2JP341,US,
549300DSFX2IE88NSX47,US,
549300DSMAD69T7GGN13,HK,
549300DUOO1KXOHPM605,US,
549300DUQXE7VXG8YA50,JE,
549300DV9GIB88LZ5P30,US,
549300DWX0SVICJAL507,GB,
549300DXR29GD4N0A520,US,
549300DYMC8BGZZC8844,DK,
549300DYPOFMXOR7XM56,BE,
549300E0FVHYR37EGX65,IE,CH
549300E0Y4BR5Z9RDZ64,US,
549300E1B98YNJ1WIQ04,US,
549300E2IPL06NDXMZ63,US,
549300E2MI7NSZFQWS19,US,
549300E32YFDO6TZ8R31,US,
549300E3ZP4GOU3D4G57,VG,
549300E643C5WZF8BL44,US,CA
549300E6W08778I4OW85,FR,
549300E707U7WNPZN687,US,
549300E7TSGLCOVSY746,CN,
549300E86RB6YCTMRM83,IE,IE
549300E8LSH665GJCR52,SE,
549300E9E5Y3PKW24142,CL,
549300E9PC51EN656011,FR,
549300EA7I6T15IBYS12,US,
549300EAEU8YV8MQXP30,US,
549300EAQH74YHD07T53,SG,
549300EC5JCCW6F83R11,LU,
549300ECJZDA7203MK64,GB,
549300ED6C93BGYAS129,CA,
549300ED8J4IE3JZHD75,VG,CN
549300EE20907QZ9GT38,US,
549300EFD6S2NFE9D745,AU,
549300EFWH9UR17YSK05,FR,
549300EGNLVUJX1DEC60,US,IT
549300EHF3IW1AR6U008,US,
549300EHNXQVOI120S55,EE,
549300EI6OKH5K5Q2G38,US,
549300EJG376EN5NQE29,US,
549300EJG9IEYQL5XT21,US,
549300ELM3HO6HFZSW59,US,
549300EMCG286BDNKJ33,US,
549300ENZFLPGRDFZQ60,US,
549300EPISPY3RE3DL21,US,
549300EQ15OJK3S3LL42,ES,
549300EQYQ8SCQZ4BY14,PE,
549300EVUN2BTLJ3GT74,US,
549300EW2KM4KROKQV31,FI,
549300EXNPSXEWUD3N21,US,
549300EZE8CQ8K65FS24,US,
549300F2A0BXT4SGWD84,US,
549300F4ZUCO6Z48KC28,KY,
549300F56EKTHQI3WT60,US,
549300F5XIFGNNW4CF72,GB,
549300F6JNO0KRPO1K63,US,
549300F740QSGMPHQJ60,GB,
549300F7ZU4P1F8V8L60,US,
549300F81ZP47K818173,LU,
549300FA4CTCW903Y781,US,
549300FC3G3YU2FBZD92,US,
549300FD0MPTWEITI779,KY,
549300FDE772OLJUCP79,LU,
549300FG5PBBG2FX4L24,KY,
549300FGFN7VOK8BZR03,GB,
549300FHETHK3XGY8N60,KY,
549300FIBAKMNHPZ4009,US,
549300FJCGREO1P1UL36,KY,
549300FJI72RJGDQS384,US,
549300FKD9KVWNHSUU79,US,
549300FKDIB7OJMBSP83,CA,
549300FL2U4Z16IJI576,KY,
549300FLG0WWSVNA4480,GB,
549300FLZTJM5YJF8D34,CL,
549300FMC2ALGA7N9E80,US,
549300FNENFFSMO3GT38,NL,BR
549300FNI1JKTRY2PV09,US,
549300FP5PUZXX9FVJ40,BM,
549300FRGSV52FLG5T09,VG,CN
549300FRXVB8W0960Y03,KY,
549300FSC1YD0D9XX589,KW,
549300FT5JOXS1PZ1I32,NZ,
549300FU81KDICXGGV07,DE,
549300FXWGE3QSYCUJ38,US,
549300FZ5ZTCCJ3Z5W14,US,
549300G0CFPGEF6X2043,US,
549300G276IH2GSE0E88,GB,GB
549300G2LG4YUB3MM115,US,
549300G475ACIABB4385,CL,
549300G5F3W3B52WYL23,US,
549300G6QKWRPOX3M965,CA,
549300G6UZOB126GBY72,IE,US
549300G6VDK9G8276661,US,
549300G7YFX3540OYR85,MY,
549300G8E6YUVJ1DA153,SE,
549300G8S4PO686J7H97,US,
549300GAV4HKKFJA8W67,BE,
549300GCEDD8YCF5WU84,US,
549300GCZLSGYEYPIR35,US,
549300GD4NJGLPVYB245,NL,
549300GDPG70E3MBBU98,DE,
549300GDVNT1NHIHOW12,LI,CH
549300GFRG6OK00RG957,CH,
549300GFSOR556BX2290,IE,DE
549300GGJCRSI2TIEJ46,US,
549300GGZHJ5Q1B18P93,NL,
549300GHBMY8T5GXDE41,US,
549300GHKJCEZOAEUU82,SE,
549300GKFG0RYRRQ1414,NO,
549300GKFVWI02JQ5332,ES,
549300GKHS6RS20NLH85,US,
549300GKK294V7W57P06,US,
549300GLF98S992BC502,US,
549300GLKVIO8YRCYN02,US,
549300GNBBT32SFSEC47,KY,
549300GNVG5D60KEYN14,US,
549300GSBZD84TNEQ285,NG,
549300GSF4KFZP6ONG49,US,
549300GSUO6P11G11583,NL,US
549300GTBVIBJRX5BW73,US,
549300GU5OHTR1T5IY68,SE,
549300GZKULIZ0WOW665,US,
549300GZLN4QH0YBEL90,CL,
549300H0BF5JCG96TJ81,US,
549300H1JNU0HLNFU552,PE,
549300H316CT32FQXI76,US,
549300H385IGBB58CN91,NO,
549300H7I5VN334XVZ52,US,
549300HBQPPKS1187K54,US,
549300HD9Q1LOC9KLJ48,US,
549300HDLRTPBQU69P29,CA,
549300HE1ISW43LNKM54,US,
549300HFEHJOXGE4ZE63,FR,
549300HG5527UPZLTT69,TH,
549300HGGKEL4FYTTQ83,US,
549300HIH92U1EKIHZ32,US,
549300HJ3WN6EBE05751,VG,
549300HJ8VS88NIO3006,SG,
549300HJRNTCANEH0D47,VG,
549300HJTQM36M0E1G39,US,
549300HLOVNNFCY2IV80,US,
549300HMUDNO0RY56D37,US,
549300HO5WFZUT5N2T22,US,
549300HOF34RGOJ5YL07,US,
549300HOUABT02D17I63,BM,
549300HOXXHHT7926W92,US,
549300HSQCIKJAOYIT23,NL,IL
549300HTGDOVDU6OGK19,GB,
549300HTIN2PD78UB763,US,
549300HTO5U9D3SLE207,US,
549300HUKIA1IZQHFZ83,AT,
549300HVMZ89HDMELW08,NZ,AU
549300HVTWB0GJZ16V92,KY,
549300HW662MN1WU8550,US,
549300HWDYC5JXC85138,BE,
549300HX3UUDPEFTG707,CL,
549300HX9MRFY47AH564,SE,
549300HXDWI0LATTX840,US,
549300HXWD3JEMZU3O57,US,
549300HY425AKJLQVX75,LU,GB
549300HYMZDEHWD3X752,MX,
549300HZ8J3MLVXQ8F85,ID,
549300I04PB7X2824122,CA,
549300I0XDZ4K7PDSS04,AU,AU
549300I1YSWNIRKBWP67,US,
549300I2PVFBC9MFAC61,US,
549300I3IVVWZWDHI788,CH,
549300I4GMO6D34U1T02,US,
549300I5OQCDADQSPI57,JP,
549300I66TVJEL841P38,KY,
549300I7ROF15MAEVP56,US,
549300I7UVBGWRYMYZ18,CA,
549300IA9XFBAGNIBW29,US,
549300IANZJVZPTICV54,US,
549300IBF9VZZIGOZW63,US,
549300IBZWZL1KTPF918,NZ,AU
549300IC3G64XN1ETG11,NL,
549300IDCRNFW0C0TJ66,LU,
549300IE30SKTUO98Q38,CH,
549300IEVCBWVV97WC81,AT,
549300IF4IFG0FS0RM26,CL,
549300IFDFSDRT4D3076,CH,
549300IGLYTZUK3PVP70,US,
549300IGQP5SEZB5Z419,LU,
549300IH2S17MAIUCM32,US,
549300IHYHCQP2PIR591,US,
549300IIDFP0RTSSG071,KY,
549300IJP90T4MV2GL84,BM,
549300IKDPIED8J8IG21,US,
549300IKL1SDPFI7N655,US,
549300ILIBAEMQZK3L20,SG,
549300ILK2NRULX3HX87,GB,
549300ILTEOF3E3QY357,US,
549300IM1QSBY4SLPM26,NO,
549300IQZVZ949N37S44,BE,
549300IRDTHJQ1PVET45,US,
549300IS9H0W5N2N4K34,KY,
549300ITFBNFH0H6FK36,TH,
549300IV6O2YY2A1KH37,US,
549300IX8SD6XXD71I78,US,
549300IXDNBXNHUPBU73,US,
549300IXL8ST9Z2BTY31,LU,US
549300IY6A4IPIRLLX57,AE,
549300IYGAS4GE6VDL07,US,
549300IYY97T872E8L21,GB,JE
549300IZVATGO3EBSH35,AU,
549300J0BGI20W62GB49,NL,
549300J0DYC0N31V7G13,US,
549300J0GSZ83GTKBZ89,SI,
549300J4FW1ELLQ80113,KY,
549300J4SXC5ALCJM731,IT,
549300J4U55H3WP1XT59,DE,
549300J537IQK62XT333,LU,CH
549300J6MGCEU5928620,US,
549300J6QSW38QNOJK61,NL,GB
549300J7WUY317SW6O61,US,
549300JARQYXR76TRX40,BM,
549300JB1P61FUTPEZ75,SK,
549300JBN1OSM8YNAI90,US,
549300JBU4TV5OCKJV96,KY,
549300JCAG8ICQAUC638,SE,
549300JCDF7UAR6TJR51,US,
549300JCRU23I1THU176,AT,
549300JD0S5IZJE9LY15,US,
549300JDVRDBH680VF26,JP,
549300JE3W6CWY2NAN77,US,
549300JE8XHZZ7OHN517,US,
549300JEB576INN13W07,US,
549300JEPFOD0K4D3I05,US,
549300JEV79SSEDKS489,KY,
549300JF6LPRTRJ0FH50,US,
549300JGHL56QT00KT54,MX,
549300JI1115MG3Q6322,US,
549300JJJIQXE6E1QY27,CL,
549300JK1Y1VVC3JU540,US,
549300JK3KH8PWM3B226,US,
549300JLWRRC38DWEF52,US,
549300JM5FECYJQ85V37,US,
549300JMONK27O4SQQ19,US,
549300JNC0L6VP8A2Q35,US,
549300JQQA6MQ4OJP259,US,
549300JSVDZIR2CPTP95,PH,
549300JSX0Z4CW0V5023,DE,
549300JUF07L8VF02M60,US,
549300JVQR4N1MMP3Q88,US,
549300JXMTTP8GKYIX14,LU,
549300JXWH1UV5J0XV81,GB,
549300JYEDC8C547E980,US,
549300JZ4OKEHW3DPJ59,US,
549300K11JPENR1PEH43,LU,
549300K1IE3K7YU6VG29,US,
549300K23JPL0SS3LB18,US,
549300K2RLMQL149Q332,US,
549300K5GD3JPA2LLG98,IS,
549300K934XNVEY4JJ41,VG,
549300KCFVCFTUJZYT59,HU,
549300KCJ74PW78SNI52,LU,
549300KDR56WHY9I3D10,GB,
549300KEQATBHAGVF505,US,
549300KGI78MKHO38N42,SI,
549300KHGXIRZ3WXL206,LU,
549300KHWPN26J8NTV43,KY,
549300KI75VYLLMSK856,GB,
549300KIMRL45BWA5H76,LU,
549300KJEC5IUVJWR786,US,
549300KJYBG7C6WJYZ11,US,
549300KK63W8VZIONZ83,GB,
549300KM6RUZQLK8LU36,OM,
549300KM7KWQHVBNH962,US,
549300KMCOJGU910PF77,LU,
549300KO1OQ4MVFB6X02,LU,
549300KP43CPCUJOOG15,US,
549300KPBYGYF7HCHO27,AR,
549300KQWCT26VXWW684,JE,
549300KRLJCZBPZMKT65,US,
549300KSB04UT8CS3T40,VG,HK
549300KSEZC1HOYC2778,KY,
549300KTTIRAOGXCRV69,US,
549300KTVUL1BXLNPZ11,VG,HK
549300KV0ZEHT2KVU152,BE,
549300KW3XYA7W477U50,LU,
549300KW9NB55HTDK075,CA,CA
549300KWN0W6L03WNN80,FR,JE
549300KXBEJAOJ9OVF93,IE,
549300KXFU5Q7NZE9L79,GB,
549300KZ4IZK3RMUO096,KY,
549300KZDJZQ2YIHRC28,US,
549300KZMIS43NMT0A66,AU,AU
549300L17W0GQBR1PO80,US,
549300L1HIVZ83RMAP18,KY,
549300L1MPTT1H7SES77,US,
549300L22M2RCLXON143,GB,
549300L41E8X8K71RV25,NL,CH
549300L6AYROPOTQ4L07,AR,
549300L7LF2PIRAWID66,KY,
549300L7YCATGO57ZE10,IT,
549300L82YB0C6JQIC26,JE,
549300L84EKSLWWPGI24,GB,JE
549300L8X1Q78ERXFD06,US,
549300LBOHZ4QSIWU288,US,
549300LDQLQBT38QDY28,US,
549300LGLOQFR0NQEZ82,NL,
549300LGP4VBCHWQTD80,JE,
549300LGPR0P05O30I24,US,
549300LI6XZ51GOCJ427,US,
549300LITZNRC4TB4848,CL,
549300LIVN3FFOJN2K47,NO,
549300LJNVY5SW3VTN33,US,
549300LJX28T6OM8DT95,SE,
549300LK82ZOM9ZE7H90,KY,
549300LKFJ962MZ46593,US,
549300LKH11TFCJLZK20,CL,
549300LKT9PW7ZIBDF31,NL,
549300LLVXMUAOL3SQ07,US,
549300LM1QSI4MSIL320,US,
549300LMMRSZZCZ8CL11,US,
549300LMZF40TKJ6DM64,US,
549300LNCLMO3ITVCU07,CI,
549300LO13MQ9HYSTR83,US,
549300LPDUBO826L3J08,NO,
549300LQ4LWX2R8ZV130,US,
549300LRIF3NWCU26A80,US,
549300LTH67W4GWMRF57,GB,
549300LUFQBC2EQNAR40,TH,
549300LUH78PG2MP6N64,FR,
549300LWGYFM1TVO1Z12,US,
549300LYHE7LWSKDZT53,CO,
549300LZSUPRF7YEPN46,LU,
549300M1BOLNXL8DOV14,US,
549300M2V0ZS71BRNR68,KR,
549300M3FFATWSV78G84,NL,
549300M3U2DNF4QVSS04,AE,
549300M3VH1A3ER1TB49,FR,
549300M6HRHPF3NQBP83,NO,
549300M6SGDPB4Z94P11,FR,
549300M6T6OW4AGYHK10,VG,
549300M8ISKPTX2W7F94,US,
549300M9W7JJQSVCEM78,CA,
549300MALMDAGL2ZJJ27,KR,KR
549300MCOOY1V7P2PG30,FR,
549300MDYVVHJ8D1DW28,SG,
549300MEVEE709A1SM83,BE,
549300MFCXK5HOOEWP84,TR,
549300MG611MYCOWY949,NL,
549300MGHLPT1EFHGF84,KY,
549300MHDRBVRF6B9117,CO,
549300MI5D1784PRQH06,US,
549300MJAANHLHOVTO40,AU,
549300MJIRPTCHAYW359,GB,
549300MKFYEKVRWML317,GB,
549300MKPIRSJD8SB782,AR,
549300ML2LNRZUCS7149,KR,
549300MLDJ2T68G21W86,GB,
549300MM90FMJYBZSV63,KY,
549300MMVL80RTBP3O28,BE,
549300MQJDHXCWSM5880,GB,IE
549300MROK5WY0D2NU17,US,
549300MSU00BINFBY870,VG,
549300MTB0YI26SMUT22,LU,
549300MU9YQJYHDQEF63,US,
549300MVHZ20SBIOEQ79,MX,
549300MW73M5PK1PNG73,NZ,
549300MY0DXTHQEX5O57,KY,
549300MYFUCWFUIC4803,HK,
549300N0B7DOGLXWPP39,US,
549300N1SDN71ZZ8BO45,NO,
549300N1UM8EN53DYX14,DK,
549300N2O26NW4ST6W55,US,
549300N2ZLI21P85T117,VG,
549300N335X1857YDM81,US,
549300N3BQ9P6RRMVV02,KY,
549300N3IE9H88Q20221,US,
549300N3Z00ZHE2XC526,US,
549300N4PXZ37U8QKI55,US,
549300N4VQX83VPJF439,KY,
549300N94L4D5NDBFG97,ES,
549300NAS11NXI33CP80,US,
549300NDOY781U1WVO54,KY,
549300NFTY73920OYK69,NO,
549300NG57SGLTNW5C85,US,
549300NH03B9E8VGJR89,TH,
549300NI7DXWFX27WX21,PT,
549300NJ0E6Q0S1VOG90,KY,
549300NJFDJOFYVV6789,US,
549300NKZ6VCN5P3K723,US,
549300NL65DC6HVEJX96,PE,
549300NLTGCFV7482429,CL,
549300NOMHGVQBX6S778,US,
549300NP14ZLQGWIUZ97,SN,
549300NQ588N7RWKBP98,FI,
549300NQQCEQ46YHZ591,US,
549300NTX8OHLI2I0Q54,US,
549300NU3VI6NLNU1575,KY,
549300NUB6D2R1ITYR45,US,
549300NUPLAXPB0WYH90,NO,
549300NVJUH16NXG8K87,MH,
549300NXSY15DRY2R511,US,
549300NY6OZM39SO6475,CA,
549300NYKK9MWM7GGW15,NL,
549300NZCU7GI52SSK89,NL,DK
549300NZHOOO6634T541,KY,
549300O00DN8051R6N02,DK,
549300O0FAGHK2F79881,US,FR
549300O0QCVSQGPGDT58,KR,
549300O0QJWDBAS0QX03,US,
549300O3CSB8T7OZ3D66,US,
549300O45IUXEDS1VZ32,US,
549300O482B6CBF38D50,LU,
549300O4AF0C816ILN62,MX,
549300O4LZFLCX53XZ54,BM,
549300O5AGIFK0PQ1516,LU,
549300O7A67PUEYKDL45,US,
549300O8XOCQSB49UO63,US,
549300OBH16L6TS6IW50,BH,
549300ODEK8HY3445C77,US,
549300OELEN3ZS5RB682,DE,DE
549300OGASR5WRKJ8R68,GB,
549300OGSFI8KL1WUU09,HK,
549300OGU88P3AW3TO93,US,
549300OGXFI85N3YZZ51,BM,
549300OHIIUWSTIZME52,US,
549300OI9J7XOWZMUN85,US,
549300OJ7ENK42CZ8E73,US,
549300OJ9VZHZRO6I137,US,
549300OJB3S151W7KN44,GB,JE
549300OLARYHDXP3WK18,KY,
549300OLBL49CW8CT155,ES,
549300OLDAMXBPSHIC05,HN,
549300OLGWYQTN8JJM06,KY,
549300OLS85LSODKAF64,IE,IE
549300OM4BWMCIXVCZ39,US,
549300ONZ5IS6B6IMJ70,NL,
549300OOA7HMLU1JZM40,US,
549300OORZW54UVPSL54,GB,
549300OQS2LO07ZJ7N73,US,
549300ORG6UYMJBCV938,NL,
549300ORLU6LN5YD8X90,RO,
549300ORP3TTCNXSYO43,US,
549300OSW32RVX8CCZ87,CA,
549300OUROMFTRFA7T23,ES,ES
549300OVC7PK14LQ8D87,US,
549300OWFMSO9NYV4H90,GB,
549300OX0Q38NLSKPB49,US,
549300OXMGVYFCBFV096,CA,CA
549300OYTY138SP2CE83,US,
549300OZ46BRLZ8Y6F65,BE,
549300P161V4IPKAQS70,CO,
549300P1SLJZB82YLP69,TR,
549300P4PHVCL0EZU771,GB,
549300P56LERYBDHCF69,US,
549300P6U1FJ3IMP7K42,PT,
549300P74FF45UQVU281,AZ,
549300P7ZYCQJ36CCS16,JP,
549300P8N0P6KDGTJ206,FI,
549300PC8KTJ71XKFY89,US,
549300PD0C69OJ0NLB27,US,
549300PD69T87IGZG395,SE,SE
549300PDHUGWPWGOT525,US,
549300PDNGPM4PIAUK57,NL,CH
549300PDOU6AR9Z9IN08,KY,
549300PDWJ2U6A15B785,CL,
549300PGTHDQY6PSUI61,US,
549300PLWY28YB00C717,US,
549300PMSTQITB1WHR43,US,
549300PN33H8IMG2PD83,MX,
549300PNK8AKY3OIKP58,BM,
549300PNSJ5B81UMVO28,US,
549300POZA55ZTGSOU44,CA,
549300PPQILFPZT13E12,KY,
549300PPXHEU2JF0AM85,GB,
549300PT73WJRNMAKE44,KY,
549300PTO6LS1PTM6607,DK,
549300PUNIS0USNSL750,LU,
549300PW7VPFCYKLIV37,US,
549300PWKJTP62D4IQ66,MX,
549300PZMFIQR79Q0T97,IS,
549300PZN3NFSOUXLC42,CH,CH
549300Q15GJ7IPETV744,US,
549300Q2FGQXKG7X0I83,VG,
549300Q3448N041CTH56,IT,
549300Q3CTIH31RFPO82,US,
549300Q3OIWRHQUQM052,NO,
549300Q5HW3JSSB86K27,US,
549300Q7E782X7GC1P43,DE,
549300Q7EOY2YIO3YK85,US,
549300Q89C4WAO6L0L19,DE,
549300Q8LSNHAVWBNI21,US,
549300Q95MWZB4BXB866,LU,
549300Q9GR3WRH4N4836,US,
549300Q9ID4640FE0422,KY,
549300QC70JB7MUGXM66,US,
549300QCBB26IR0W8B40,NO,
549300QEKV8G0AMNQD28,CL,
549300QF747C7UWZYB38,LU,
549300QHC068L40NNM71,US,CH
549300QHIYIRIMCM2345,NL,
549300QHR2R3J8JSGK83,AO,
549300QJINFBX83IZ837,AR,
549300QJSN8UVWN1EI78,US,
549300QKBENKLBXQ8968,US,
549300QO5OB3VGJT6S64,US,
549300QOGMPTKB6W7G56,TH,
549300QP2IEEGFE16681,US,
549300QQXOOYEF89IC56,US,
549300QRMRHM7GAU7L47,LU,
549300QTVYRPFHS0J362,MX,
549300QV4OM0028B1347,DE,
549300QW8B2Z3FSBS808,NL,CH
549300QWJFPV5413KI88,VG,
549300QZ7S5YP8TTLG58,CH,
549300R0VN9C371W0E07,FI,
549300R22LSX6OHWEN64,US,
549300R2WJK99D0C8819,KY,
549300R32WTQNHNN5055,BM,
549300R3N69ECGYPU434,CH,
549300R3WGJWLE40R258,US,
549300R65B3JG6972S24,US,
549300R872G37EN6NT94,MX,
549300RABIG0RH4JYT64,AE,
549300RAJU08ENOK1S69,BE,
549300RCBFWIRX3HYQ56,US,
549300RDR012H2V82H43,UY,
549300RFKNCOX56F8591,RO,
549300RG3H390KEL8896,RO,
549300RHOCSNK1FZ4116,GB,
549300RI533US2G6G542,NL,DE
549300RIG2CXWN6IV731,MX,
549300RIPPWJB5Z0FK07,US,KR
549300RIVY5EX8RCON76,NL,
549300RK5RZQ740FPL83,US,
549300RKVM2ME20JHZ15,US,
549300RLHFT5RU20WM87,US,
549300RLUEEVQEMX0450,US,
549300RLYYPSB0C7RH77,BM,
549300RN11MJ182CNF63,US,
549300RODM1WN85LFQ95,BH,
549300RPLD8RXL49Z691,GE,
549300RPTUOIXG4LIH86,US,
549300RR3CIGB2A33O28,VG,
549300RS7EWPM9MA6C78,US,
549300RSN9SFNT54IZ82,AU,
549300RUHPVD434XUK18,US,
549300RVMKU0CYUZBB05,GB,
549300RXCFKI6KHCMP52,KY,
549300RXQZBOJONY3Q97,GB,
549300RY7FWEMUOTIT28,SE,
549300RYBDDDB2X5E340,US,
549300RYPA10CQM3QK38,JP,
549300RZNJ4TV4OQP034,BE,
549300S1EK2VN6XVJP58,CR,
549300S1MP1NFDIKT460,BE,
549300S2T3FWVVXWJI89,SK,
549300S3IZB5P35KNV16,US,
549300S4KLFTLO7GSQ80,US,
549300S4MH2ICXDBFV43,US,
549300S4ZK8ZQ6HNPN59,US,
549300S52OPXPKGJS029,NL,
549300S728CF0BBRC295,KY,
549300S7GOEVR0EGFN47,AU,
549300S8SEQBOJLKHW63,US,
549300S9XRGO1ZPUHE62,HK,
549300SA1CUQOTMZIR83,SE,PL
549300SCJPK3YZJTJR78,KY,
549300SCNO12JLWIK605,US,
549300SGCEMX4ZIZ0E76,CH,
549300SGJNFISS8EB433,BM,
549300SH2G3R15Y3FX20,DK,
549300SHIVNRRH7STS26,US,
549300SHPFALUPKK2351,US,
549300SHS4T08CL0LP14,PA,
549300SI4ZGLG0BLUZ92,US,
549300SIM4N1U1700V02,DE,
549300SJMVZUK46L0E37,BE,
549300SKEDE1VKS0A552,KY,
549300SLU4LP6YMRLK07,JP,
549300SM0PJC1F3RPL91,NL,
549300SM5OZ9KIDTD086,LU,
549300SMVCQN2P0O6I58,US,
549300SO7QUETMQD9D84,CO,
549300SOSI58J6VIW052,FR,
549300SP2X2BS1KERD24,US,
549300SPEOMBZVH6EZ92,US,
549300SPX8573VZ2SK79,GB,
549300SR1GYYNBZQGX56,GB,
549300SRAAFEEQ8Z4D68,US,JP
549300SRFHCXJHBMHF58,NL,SE
549300STIPMK5VSA7Y59,SE,
549300SU25TO8EMXB434,CO,
549300SUD2ED5XG6X569,US,
549300SVO0550J3IKN50,PE,
549300SVYJS666PQJH88,US,
549300SW81JCMVZDDY09,US,
549300SWJ4YK4LLNT176,NL,GB
549300SXM92LQ05OJQ76,NO,
549300SZ20F0QTKNQC75,OM,
549300SZ25JZFHRHWD76,BE,
549300SZIE1DCOLVFG73,BE,
549300SZJ9VS8SGXAN81,CH,
549300T065Z4KJ686G75,US,
549300T0G4GS0SINS786,US,
549300T15RIMIKZC5Q38,CA,
549300T1EREIRH8ICX03,IT,
549300T2HAD9JJ1YV324,KY,
549300T46KUP3OWN3O73,MX,
549300T5RZ1HA5HZ3109,SE,
549300T600VUO0QJ3063,CL,
549300T70JXFWEXCK295,DK,
549300T7MMTBQXCJOQ79,NO,
549300TG53AWJ719M814,NL,DE
549300TI38531ODB1G63,IE,
549300TJ3QFYVCTSCJ29,JP,
549300TJCKW4BRXPJ474,US,
549300TJR3PR8EXILG79,SE,
549300TK038P6EV4YU51,LT,
549300TKER1HK6VEM485,FR,
549300TL5406IC1XKD09,DK,
549300TL5L4IG0H4FX64,US,
549300TLGDBYE711G509,US,
549300TLZPT6JELDWM92,IS,
549300TM2WLI2BJMDD86,US,
549300TMDIT8WREDOF45,US,
549300TMJ1FKCKECR148,US,
549300TPQQDBP9GNOF40,US,
549300TPZNMN50BJ3745,US,
549300TRUWO2CD2G5692,IT,
549300TS3U4JKMR1B479,DE,
549300TSCH0ZTLR5W421,BB,
549300TSJHRXT9QXRD13,CA,
549300TSWFEC4DLPPH77,KY,
549300TTHIODYMGND828,GB,US
549300TTP03NH9IE6530,HK,
549300TU2XXQ3TU4KJ11,CH,
549300TVTVALJC1NA695,SG,
549300TW3R1QXAWGC017,US,
549300TWZSP6O1IH2V34,US,
549300TX61566GJWCN05,US,
549300TYRSI1T21B1360,US,
549300TYWIIKAOK07L47,KY,
549300U0LV41VX7LEP38,GB,
549300U1JWW9SCOH3W56,US,
549300U1SB749EDAGH21,US,
549300U2F0PG10VZUN93,NL,
549300U2I4L03BBA3485,LU,
549300U2WY9PMF5EVU66,LU,
549300U37G2I8G4RUG09,FR,FR
549300U3Y9NRYP7NOM09,GB,
549300U3ZMUHC2JQLL56,KY,
549300U4LIZV0REEQQ46,ES,
549300U5NFR7S6E3GM41,US,
549300U5Y5EL6PHYLF13,US,
549300UCF0D858BIOV83,US,
549300UFHGFY5IOON989,BE,
549300UG41FOBD1ST065,CH,
549300UGYX6EBVHRVG53,GB,
549300UGZVSRRHMMHD77,KY,
549300UJ1LP7JGJC5P32,US,
549300UJ5OC256GR2B73,US,
549300UKPSWGA4VYA949,HK,
549300UKR289DF4UXQ47,IT,
549300UM31PJ24TTSR94,IT,
549300UNCO2FCUWXX470,SE,
549300UOX05QGUJJ5707,SE,
549300UPNBTXA1SYTQ33,US,
549300UQ6KHRCZDRGZ76,GB,
549300URJH9VSI58CS32,PT,
549300URWP4TDNWJXN62,KY,
549300US8QAZJLWYAF63,US,
549300UTE50ZMDBG8A20,US,
549300UVDH5NQRVTJG47,SG,
549300UVMBCBCIPSUI70,CL,
549300UW4UH6XT2X8C50,PH,
549300UWOX4MGFK75Y54,NO,
549300UY81ESCZJ0GR95,BG,
549300UY9FEOG85HFK93,GB,
549300UYM8ADK1GCIC92,AR,
549300UYNXMI821WYG82,FR,
549300V0VTU1EFELEI08,KY,
549300V1O67HJV48FS61,GB,
549300V2JL72R0EYBK64,US,
549300V2JRLO5DIFGE82,US,
549300V5D1W52HY8NO65,US,
549300V62YJ9HTLRI486,AT,
549300V7BXPWT6WIPR03,KY,
549300V7ZY5P02D2MY38,US,
549300V9893NUQX6X069,LU,
549300V9QSIG4WX4GJ96,DE,
549300VCIWLRHYVSHC79,US,
549300VEBQPHRZBKUX38,SE,
549300VEBV0EQP2FCP08,KY,
549300VELLG24KHTJ564,US,
549300VFQWRKICUFNU92,US,
549300VFZ8XJ9NUPU221,US,
549300VGDEQ1WZPVLL10,CL,
549300VGEJKB7SVUZR78,FR,
549300VGG9K75226LR46,US,
549300VIRTXBZ81J0S95,US,
549300VIWYMSIGT1U456,US,
549300VJ8YXGPO8EV472,US,
549300VM1W749R7UDT24,KY,
549300VM3X1FYD4N9Z14,US,
549300VN4WV7Z6T14K68,GB,
549300VOTS5OZ82UTG69,SE,
549300VQST07EL5DYC58,US,
549300VRM6G42M8OWN49,NO,
549300VSGCJ7E698NM85,US,
549300VSMO9KYQWDND94,US,
549300VSP3RIX7FGDZ51,US,
549300VUVMRL6RE7R376,KR,
549300VVURQQYU45PR87,KE,
549300VXFS1QY0HKKT27,PT,
549300VZCL1HTH4O4Y49,DE,
549300W02B4WNV8CV109,US,
549300W0N3O6Q4RCKE25,NZ,
549300W0SKP6L3H7DP63,US,
549300W13SXC7EKNJC20,BS,
549300W1D516HBDEU871,US,
549300W1ISP1PW2J2P64,PA,
549300W2IL7TPPCTKL39,MX,
549300W384M3RI3VXU42,IT,
549300W3BJJPGKCIOI13,JE,US
549300W3HQB0HO1F3G69,US,
549300W40NLZ25XUTH09,LU,US
549300W4AU642WNKBH79,AT,
549300W5K7SGG3H6B058,LU,US
549300W61XW8OFGBG077,SE,
549300W6AQ2GHHCGL606,US,
549300W9JLPW15XIFM52,SE,
549300WA2HB7776CB324,MX,
549300WA6BT5H4F7IO94,US,
549300WAE0CGQ0IE1H63,NL,
549300WAUZKYD5PU9L16,SE,
549300WBLU5NKPX5X472,US,
549300WBVLU2FILR7W19,NL,
549300WD2QBD89VBPV88,SE,
549300WDKWTRF2HVF283,KY,
549300WEVUODRJ4CWK56,US,
549300WFHLTCZV7D6V29,US,
549300WFIN7T02UKDG08,AU,
549300WG3JO935L6QD56,BE,
549300WGC2HZ5J67V817,GB,
549300WGKSV867C0JF48,KY,
549300WGY8GPJM4PQR36,LU,
549300WH1375KZXLJ231,US,
549300WIU8IS7UFO7871,US,
549300WIWQK5Q9MCUN92,MX,
549300WKGDPAS39FBD10,US,
549300WN65YFEQH74Y36,CA,
549300WNB47JRNENIC75,US,
549300WOIFUSNYH0FL22,CH,
549300WQTWEJUEHXQX21,US,
549300WR7IX8XE0TBO16,US,
549300WSQWO0M3PK2J78,BE,
549300WTZWR07K8MNV44,US,
549300WV6GIDOZJTV909,US,
549300WVEHPGE0Z56F71,US,
549300WXSG0J8IXZCK32,US,
549300WY05UJ7WTHIN64,US,
549300WYFMC41MKE6E16,VG,
549300WYXDDBYRASEG81,US,
549300WZ3ORQ2BVKBD96,US,
549300WZRVQERM819Z90,CH,
549300WZWOM80UCFSF54,US,
549300X0MVH42CY8Q105,PH,
549300X0PCJ6M2JZQW91,NL,
549300X123Z1I0LA3Y84,US,
549300X2937PB0CJ7I56,US,
549300X3UK4GG3FNMO06,FR,
549300X54QEYZVDC8R04,CA,
549300X5HUL4FRDNBN35,AR,
549300X5MNRWPMSM9N14,CA,
549300X5UKJVE386ZB61,IT,
549300X6R2GYI8Y3OD81,US,
549300X7767HIID3YE28,KY,
549300X7J6E8TKVIXW09,US,
549300X81X4VZEESFU46,CA,
549300X8ZBHYD3ZZIP60,IE,
549300XAGH9TOLX5XM67,US,
549300XB5J9BFW5JXV97,US,
549300XB7T5BX418QX67,BM,
549300XBCUMUR5CI0181,AT,
549300XCD1MPI1C5GK90,US,
549300XD7FHNJ0THIV12,MH,
549300XDIYY7XEYHTO45,KY,
549300XDP1VCBZLCP049,KY,
549300XFX12G42QIKN82,GB,
549300XH8D8K6OYWGD17,CA,CA
549300XIVMQXK6KVQH97,VG,
549300XKJ91C4SZLG750,PE,
549300XKUO1JSLU7KX54,CA,
549300XMGMDF3VRJMF12,SG,
549300XMP3KDCKJXIU47,US,
549300XP222MV7P3CC54,GB,
549300XQ6S1GYKGBL205,IE,
549300XQ946NCE51DR09,US,
549300XRB1PFMESFEL85,US,
549300XTO5VR8SKV1V74,US,
549300XTVCVV9I7B5T19,US,
549300XU3XH6F05YEQ93,US,
549300XWJHRKLHU2PS28,HU,
549300XXMOJSIW8P4769,KR,
549300XY1661QCIA7J65,US,
549300XYDB6706OPOS81,NL,IE
549300XZK6EWDBAZSY16,US,
549300XZP8MFZFY8TJ84,US,
549300Y0HHMFW3EVWY08,JP,
549300Y0MFCAXLBWUV51,CA,
549300Y105FQQX6RCE16,CL,
549300Y2TNSX5TN57R56,BE,
549300Y36L5LRW5RH373,DO,
549300Y3HHZB1ZGFPJ93,SE,
549300Y4VYEJE1MH6D45,LU,
549300Y5MFC4SW5Z3K71,ES,
549300Y650407RU8B149,US,
549300Y7M5CC1U5DBX07,GB,
549300Y7VHGU0I7CE873,US,
549300Y9URD6W70K0360,AU,
549300YBY08K9KM4HX32,US,
549300YC5EDBGX85AO10,US,
549300YECS8HKCIMMB67,SE,
549300YGMGQDO0NMJD09,US,
549300YGXL5Z3R14K812,FR,
549300YH2O3CNDZSO632,GB,
549300YI34DX51LRGS71,CH,
549300YK417GKI6EQ392,OM,
549300YKTY8JX1DV2R67,US,
549300YM5CWCAUVOPB53,CL,
549300YNKSKNZFR8UC42,US,
549300YNNLBXT8N8R512,US,
549300YNW6BY570L6488,KY,
549300YO0JZHAL7FVP81,NL,
549300YP3P0JZBLIV197,CL,
549300YQDE2JSGTL8V47,US,
549300YQJTZ9YPHW5V73,GB,
549300YRJE0V6QKU7C86,LU,
549300YS0Y8HCSHTHN07,CH,
549300YS5BXPRDMWHH23,LI,
549300YSK3QDSFR5EU59,US,
549300YSOKQO5QD6MP25,KY,
549300YSSXFHMPOWZ492,US,
549300YU2GGVCBN3MY89,US,
549300YWDGUXPB8GRP47,LU,
549300YWR8TN1OFD4P06,VE,
549300YX2GSZD7YG1R84,US,US
549300YX8JIID70NFS41,US,
549300Z40J86GGSTL398,US,
549300Z5IAG39VRTY874,US,
549300Z7JJ4TQSQGT333,US,
549300Z8IOSIIKWF5763,VG,
549300ZC1GPV35XYDK53,US,
549300ZCGJ6T8YDJ4M34,MX,
549300ZCUURSNVTOEU07,HK,
549300ZDHOETLAIVTE82,CH,
549300ZE234V8AG9E962,KY,
549300ZEFUWWFTP7BA50,CH,
549300ZEL6TXZS6F5F95,US,
549300ZEO4BKB37E3J03,US,
549300ZF2VKZ1G5T2U85,IE,SE
549300ZFEEJ2IP5VME73,US,
549300ZG62N2599PWR15,SG,
549300ZGXDBU2ZV6RP76,GB,GB
549300ZH5GKBTJZ7NM23,US,
549300ZHO4JCQQI13M69,SE,
549300ZIBIB6Z9RSNU64,VG,
549300ZIL1V7D7F3YH40,BE,
549300ZJM7BQW1P9UV75,AU,
549300ZKUTPIBZLWLL89,US,
549300ZLBKR8VSU25153,US,
549300ZLMVP4X0OGR454,JP,
549300ZMGDLC9JT2OR80,PE,
549300ZMLFJKWC63XN87,NL,
549300ZMT7FVT8R77U18,US,
549300ZNV0SWBXEIWT04,US,
549300ZO77UNR6NRBR11,US,
549300ZO9661UN55F475,KY,
549300ZOD6N7RI2FJP09,CA,
549300ZOF66WPV3H0H17,US,
549300ZPD490G9UI0A49,AD,
549300ZPKZIG6DKDEC02,US,
549300ZRISRT38EEYY07,KY,
549300ZSLGV64ZL3HD75,US,
549300ZSNDBYN4Z4VZ93,NL,GB
549300ZSZ6VJXXCVUM49,PT,
549300ZT0RVWCG8T4L55,GB,
549300ZTKF2W3KCEJ782,JP,
549300ZTMDJ5UKV05P96,GB,
549300ZX07JYMI8GHQ39,US,
549300ZXH0VRBSEPX752,US,
549300ZXHSYV21BRHW71,IM,
54F1KGFE2KNP3VAL3P42,US,
5521FA2ITF25TVH63740,US,
5586006WD91QHB7J4X50,SA,
5586006ZEFQ542K7CY16,SA,
558600BYC3HXL0JSVU63,SA,SA
558600G8B5ZWQJ91NK28,AE,
558600NC81HKXMFSTY52,KW,
558600OCHJOSSXHWLV71,KY,
558600TU1PWGNLZ3XM88,KY,
558600VUMCHBIHACQF76,KY,
579100FKDHGIFBFHF056,AR,
579100KKDHKDFFKKB072,AR,
579100KKDKKIFEBKK040,AR,
57VG5X0E00X0QJU7CQ58,US,
5967007LIEEXZX4U7426,NO,
5967007LIEEXZX659K67,NO,
5967007LIEEXZX6AO004,NO,
5967007LIEEXZX8ZW078,NO,
5967007LIEEXZX9TZC13,NO,
5967007LIEEXZXFHOO08,NO,
5967007LIEEXZXGE3C16,NO,
5967007LIEEXZXGWM030,NO,
5967007LIEEXZXH3K072,NO,
5967007LIEEXZXHAI017,NO,
5967007LIEEXZXJDCG21,NO,
5BANEF6PGSEK0SNMQF44,US,
5BV01I6231JPDAPMGH09,CA,
5E2UPK5SW04M13XY7I38,US,
5FVKT86LAD2F40NPC183,US,
5GCSNMQXHEYA1JO8QN11,US,
5H8RMHHYTWIP1RKLCE38,IE,
5IDHQUFVC8Q2KIBBFF06,US,
5JB3IE65ZU13TA0DGN10,NL,
5KYC8KF17ROCY24M3H09,US,
5LADC78JBG2BMZD5XF57,US,
5PRBRS5FEH7NREC8OR45,US,
5Q3U0WRKWZZGRMPYFT08,US,
5RGWIFLMGH3YS7KWI652,US,
5TZLZ6WJTBVJ0QWBG121,US,
5U0XI89JRFVHWIBS4F54,JP,
5UMCZOEYKCVFAW8ZLO05,GR,
5XJXCCYG4SDKFJ5WLB02,GB,
62QBXGPJ34PQ72Z12S66,US,
6354001BJH7XSHGTD882,IE,US
6354001JXMLKNZDZR978,IE,
6354001WLTJXOMEXPY07,UA,
6354003CVDDPNXREIR29,JE,
6354003EUPCHXTWUU869,US,
6354003QFJP7RDXEOZ20,TR,
6354003TDIRN5Y6LJP91,OM,
6354006P6QPGGPVJW880,LU,
6354007DPCY4ZN2MRR73,US,
6354007FET7GQAXF2K51,JE,
6354007IHCAYDAUAAY02,OM,
63540093EUHUMTGSHN61,IE,
6354009B91BDFKBMT283,KY,
635400AKJBGNS5WNQL34,IE,
635400AXHEAFQKFFNO47,LU,
635400B3DOXSWFOWJT40,IE,
635400B4JJBON4TCHF02,US,
635400BJYMDVAXBPJ960,IE,
635400C8EK6DRI12LJ39,IE,
635400CDJ2WUJBSF8334,LU,
635400CE9HHFB55PEY43,ES,
635400DAFN6NT43HM530,TR,
635400DPNHEAUHB7ZI15,US,
635400DTNHVYGZODKQ93,IE,
635400DX7HXMEAP36T24,FR,
635400DYWVUY8IC5MR90,ES,
635400E1RWKJXPSBCV07,BG,
635400EKWEL7NGLTZ567,IE,
635400EQFFCXMNLYU680,IE,
635400EVYITCJYWL2I50,US,
635400F8A3KGJIIBIK95,IE,
635400FCIJIUWGUQRT19,JE,
635400FJE6GSOJUSNY27,US,
635400FJSIQEIEFQMV55,IE,
635400FMICXSM3SI3H65,SA,
635400FWJZQC1IPYUH69,IE,
635400GVJAKOJNEUMF33,NL,
635400IBXEBMD9ADYA79,US,
635400ILKD2MBMANBG03,IE,DE
635400IUIZZIUJSAMF76,FI,
635400JE8VLL9UFVIC38,IE,IE
635400KFD3IETNQLA755,IE,
635400KLDJPEGQCL6H42,IE,IE
635400KQIMALJ4XLAD78,IE,
635400KSR4PKISBWRJ22,VG,
635400KZYOJPAAGFRD47,IE,
635400L14KNHZXPUZM19,IE,
635400LZ2CNQFYRJYT65,JE,
635400LZXFVELZDVP257,US,
635400LZYOO6WHAO2H58,GB,
635400M3OWQGQBZOYO38,AE,
635400M3RVFQU3M7HW17,NL,
635400MMSOCXNNNZDZ82,US,
635400NHILJ5JEKILC36,US,
635400NTV7KC9RQ3ZL20,VG,
635400OP2DYYYMOIYL17,US,
635400OUEAPTXSW3SC91,US,
635400PQXLYXWJI5QD78,US,
635400Q11P6AE5A5Y230,BJ,
635400QBLELMETXQLA08,IE,
635400RD1N6RVNCE4958,MK,
635400RKRK5EGXSPC782,GB,JE
635400S2VPOBBNC6HF27,GB,
635400SE9OHFJ8SLDG45,IE,IE
635400T787XTT4TIJZ59,KY,
635400TDXGDD6FQOI583,LU,
635400TMCKVEU87EJ582,NL,
635400TMJSFWVKAJSI97,IE,
635400TTYKE8EIWDS617,SE,
635400V7YMHAZDSVXB57,LT,
635400VCPRSU89DLMZ57,IE,IE
635400VKAYT1VT6VBF50,IE,
635400VNATKY2CGK2R45,LU,
635400VU48WVABC1TO64,LU,
635400VVAMAJWNK9IT79,SE,
635400XBJFPNCGN9CK71,KY,
635400Y22HQLUDCVZX38,IE,
635400Z5LQ5F9OLVT688,NL,
635400ZRKEX9L1BKCH30,KY,
635400ZZE5J8OXXBBY26,CA,
6367000ADQ65VWM8QH87,FR,
6367002JYDB456K7AJ78,DK,
636700CUSS22I12S3R10,NO,
636700G5993BBAFDYD02,SE,
636700H29EH5Z8ZU8L04,GB,
636700M0RW88QPM7RG19,SE,
636700NV2AGR994L6E13,SE,
636700OS71V1HAQHB380,NL,GB
636700PR6Z4RTL9YXP17,SE,
636700S4QMU2DWYOSF67,LU,
636700UBEPA0IP6Y5327,NL,
636700ULD38LN63RC248,SE,
636700W1VM86O2G2AA36,SE,
636700XHIE5FP8JA5T32,SE,
636700YQKGLXCPPUYE74,DK,
64882D4OUTP2YP126091,GB,
6488ICS9P20290MA1H31,US,
6488IU1F9M51Z3P60R77,LU,
6488Q23W7VZS28N14E98,DK,
6488UNV33KXZ9498L870,NO,
655600FFMBOY3ZM8Q607,VG,
655600GN5O5WU42UTQ39,VG,
655600V9A105VPU0VS17,VG,
65T5VRP62VXG39YFML83,US,
66AGRETLUXS4YO5MUH35,GB,
68BKYO1JC791TTJHUE82,US,
699400J0P7A5VXKGK641,BE,BE
6B2PBRV1FCJDMR45RZ53,BE,
6CPEOKI6OYJ13Q6O7870,US,
6D01AGSGBNZIJSN77043,US,
6EY4K7ZMF9UX1CU6KC79,US,
6RPK2YDJN6L35AS0M510,KR,
6S552MUG6KGJVEBSEC55,US,
6SHGI4ZSSLCXXQSBB395,US,
6SYKCME112RT8TQUO411,US,
6URPHM2EAWGJ2C6ISB97,US,
6VJJ5GQWIRDQ06DUXG89,US,
6WQI0GK1PRFVBA061U48,US,
6Y0GK87T6V7NJKZJVM41,US,
6ZLKQF7QB6JAEKQS5388,US,
715K4H1JYF3O6JOK1411,MX,
72450009QLIV38GTKN14,NL,
7245000G0HS48PZWUD53,NL,
7245000O9YOLPPM9YB33,NL,
7245000UZH70GO047N03,NL,
72450022R2ZFL41Y6I04,NL,
72450023I38I1JFQ9376,NL,
7245002GNB5W5E7GV182,NL,
7245003K5MN9U7XW0808,NL,
7245003VD7E4T30HJD24,GB,GB
7245003VZ59682IZLJ86,ES,US
7245004RN4I1ORSTHY93,NL,CH
72450053F5WRDY8CDZ66,NL,
724500670HAI5ERPDA03,NL,DE
72450068U3Z1C2APNF90,NL,
7245006AG9J70KOIJH36,NL,NL
72450072M9HBDGD2GH67,NL,
7245007A1YFLI2GNYX06,NL,
7245007FZS0M65WUGP67,NL,
7245007QUMI1FHIQV531,NL,
7245007RB3M5PMWY6N86,NL,
7245009EAAUUQJ0U4T57,NL,
7245009Q5867Q0YC9Q13,NL,
724500A1FNICHSDF2I11,NL,
724500ABLEHD1CIBAA35,NL,
724500AH42V5X8BCPE49,NL,
724500AVF7ZU7L61BL70,NL,
724500AWBTX8I880X774,NL,
724500BICUQ0LF1AH770,NL,
724500C9GNBV20UYRX36,NL,
724500CDWM1CHYS8AP31,NL,
724500CNCIO1ZTJ0X675,NL,DE
724500D8WOYCL1BUCB80,NL,
724500DCJ9MPG74JEH91,NL,
724500DHUNQ9NF3A7D24,NL,
724500DRKUUR3GFOSK76,NL,
724500EHG519SE5ZRT89,NL,
724500EL5MDC9RD0FW48,NL,BR
724500EOJYP21L3XM206,NL,
724500FLODI49NSCIP70,FR,
724500FOAL1MNGOJKP07,NL,
724500G15MVL6UCWXF95,NL,
724500GJBUL3D9TW9Y18,NL,
724500GMZWW3PVYET548,NL,
724500HA69XH0YFJPF52,NL,
724500HUXGTQC07CAZ61,NL,
724500IHI0BTIK9ZJC71,NL,
724500J951RJJFEW5X49,NL,
724500K5PTPSST86UQ23,NL,
724500KEZU4CPEQLGZ87,NL,
724500KRJEMC79KAAU28,FR,
724500LOJA6NM43PH951,NL,DE
724500LQC3HN5O30LK18,NL,
724500LTUWK3JQG63903,NL,
724500M1VGG79HOVI026,NL,
724500M7NB52FKYRMN09,NL,BR
724500MKKXKEVWMN9E13,NL,
724500MMYDP2MJLGB718,NL,CH
724500MQFZSYSBC5H178,NL,
724500N24X9VLIRO3K10,NL,
724500NSJPNFJPDAUP02,NL,
724500O7KBK1ICWRWC17,NL,
724500OHYNDT9OY6Q215,NL,
724500OPA8GZSQUNSR96,NL,
724500P3OXMB2IERLM56,NL,
724500PBR8LR26XBSP67,NL,
724500PMK2A2M1SQQ228,NL,
724500PO675MZ8I4D316,NL,TW
724500Q41FHN0P1GPC53,NL,
724500QJ4QSZ3H9QU415,NL,
724500R0JMB05XX62S85,NL,
724500R2BQXOR6YG2Y67,NL,
724500R5IP6TFKTNRU48,NL,
724500RBP2J59JMQB629,NL,
724500RPEZI5VVQQWE89,NL,
724500SNT1MK246AHP04,NL,CH
724500T3W7IMQS6AMA30,NL,
724500TEM53I0U077B74,NL,
724500V4QZAOY63SY989,NL,IT
724500V56VDH8898Q807,NL,
724500V913SEHSEW2O75,NL,
724500VZHGAE3O3VJA96,NL,
724500XBZ9QOPTI11U82,NL,
724500XI19XTPCL36320,NL,
724500XSMG4AYQ8NDK42,NL,
724500XYIJUGXAA5QD70,NL,
724500Y39V09ZC6XB836,NL,
724500Y6DUVHQD6OXN27,NL,
724500ZH3H2YACBUNF38,NL,
7260JQNI6SCF9FIV2392,US,
72ZZ1XRHOOU9P9X16K08,US,
734IM3DNDNT36T7YTD24,MH,
7437000ZP669LKUTZ738,FI,
74370018YBHCJ74WPP11,FI,
7437001AEZHLL3UEX093,FI,
7437001BISR7R2A9KX89,FI,
7437001LESKGLAEOEU84,FI,
7437001T8KPXE42KS496,FI,
7437002N0BQXM1JQUP81,FI,
74370031Y7RK5H88CQ48,FI,
7437003G88EHT2TMK409,FI,
743700498L5THNQWVL66,FI,
7437006WYM821IJ3MN73,FI,
7437006ZD9L0ERQ4A918,FI,
7437006ZZI1F7CUA5518,FI,
7437007YPUOQZ8OV1R42,FI,
7437009ELUGUOA45V564,FI,
743700AX3TIWVL1LC349,FI,
743700BKTW4EQIVKYY42,FI,
743700D3NKZC0VKKPY05,FI,
743700FTBNXAUN57RH30,FI,
743700GC62JLHFBUND16,FI,
743700HAOL35VNKK1711,FI,
743700I7HTCNLUBZTZ74,FI,
743700IJXAGL8TGFRC33,FI,
743700KKB8Q035K38488,FI,
743700KT8AGEL7YKMC35,FI,
743700LE1ECAPXC5UT18,FI,
743700LQ48IZBTZN4S52,FI,
743700M6Y2OQRVSBRD14,FI,
743700OX6HSVMCAHPB95,FI,
743700T69OBBJO7TCA15,FI,
743700TU2S3DXWGU7H32,FI,
743700UEY0YM039XN974,FI,
743700UF3RL386WIDA22,FI,
743700VMG6KWF0FW1560,FI,
743700X9S8FVYRI20J88,FI,
743700XGU4ZB5G4RPK50,FI,
743700XJC24THUPK0S03,FI,
743700YQIO8Y4L4WKR40,FI,
743700YZJJL0X6MH2U02,FI,
74780000O00QGQ7CER13,HR,
7478002012YQDD0N7W28,BG,
747800V014106FYLL014,ME,
75G1WUQ8QK4P5MZOYD78,US,
765LHXWGK1KXCLTFYQ30,US,
76NA4I14SZCFAYMNSV04,US,
784F5XWPLTWKTBV3E584,US,
787RXPR0UX0O0XUXPZ81,US,
7890003EX1LTLS2FFL84,TR,
7890005B5CSNL39OYO75,TR,
7890006LGARYVIPOJX03,TR,
7890006XJG6ZE2H34671,TR,
789000748KTQCUMJ0R25,TR,
7890008K3XQXPH1NO713,TR,
7890009G02BUL1M3LS88,AZ,
7890009HEU9BS7J3DA93,TR,
789000A2TXOI10JZLF90,TR,
789000B1MW5PQ58A8T03,TR,
789000EEUQIGHI88WH47,TR,
789000FIRX9MDN0KTM91,TR,
789000HCYPPCYCSB9R43,TR,
789000JVRVYLAXGDWR11,TR,
789000JWDAT89FS8JB90,TR,
789000KAIHOLSQKQ9858,TR,
789000L95BI6V730WX84,TR,
789000MAPAG7J8DI3112,TR,
789000PBM9TT5D88M597,TR,
789000PXBZOJWTDSXE13,TR,
789000Q21SW842S9IJ58,TR,
789000RBJFEHLXLHAY60,TR,
789000T82YRLMLUOC889,GB,
789000TUMN63Z28TJ497,TR,
789000VTPKJYEVGSWM35,TR,
789000VYQF5IDGG49908,TR,
789000WT80VVLUWJDK41,TR,
789000X20ITI3ANQEL70,TR,
7CUNS533WID6K7DGFI87,ES,
7D6DIU2QXTUJRFNNJA49,US,
7H6GLXDRUGQFU57RNE97,US,
7KDSOB6Z0X4S67TMX170,LI,
7LTWFZYICNSX8D621K86,DE,
7LVZJ6XRIE7VNZ4UBX81,IT,
7MOHLM3DKE63RX2ZCN83,US,
7NKTFWJ1G6MELP9TU740,US,
7QEON6Y1RL5XR3R1W237,US,
7TG4VWERK338227TR435,DE,
7TI96JO3DYEIQWZ7Z726,JE,
7V6Z97IO7R1SEAO84Q32,NO,
7YNCQQNDK8FBM9BBTK25,US,
81560007498E8B065B77,IT,
815600117D7977461B75,IT,
815600136D7200E49057,IT,
815600149448CEB9B230,IT,
81560015A25A29EC1433,IT,
815600188E751D28E867,IT,
8156001967BDA37A6B23,IT,
8156001A076EBE46C757,IT,
8156001EBD33FD474E60,IT,
8156002278562044AF79,IT,
815600255BB6E0437F67,IT,
81560026D234790EB288,IT,
81560027D07F9BDB8436,IT,
81560029E2CE4D14F425,IT,
815600354DEDBD0BA991,IT,
8156003E4A94A3C84066,IT,
8156003F2286CFA55E20,IT,
8156004604684CA44A90,IT,
8156004B244AA70DE787,IT,
815600511D7D0F6A5955,IT,
815600522538355AE429,IT,
8156005420362AE59184,IT,
8156005CE5E7340CCA86,IT,
81560064085A02B2B297,IT,
81560066183FE361C071,IT,
8156007259ABDEA3F444,IT,
81560076E3944316DB24,IT,
8156007D348794DB1690,IT,
81560087340FCB8D6D66,IT,
8156008DEC771409C487,IT,
81560090173FFC67B069,IT,
8156009414FD99443B48,IT,
8156009E94ED54DE7C31,IT,
815600A029117B20DD63,IT,
815600A0C9AFC1F2A709,IT,
815600AB2BDB42BC0E81,IT,
815600AB6FA8AADC8739,IT,
815600ACC18A758ADE66,IT,
815600C62B51478A5144,IT,
815600CF8C0389D0E272,IT,
815600DE60799F5A9309,IT,
815600DF2DE50E2BFE25,IT,
815600E4E6DCD2D25E30,IT,
815600E731A5016E3080,IT,
815600F25FF44EF1FA76,IT,
824LMFJDH41EY779Q875,US,
82DYEISM090VG8LTLS26,US,
836800NRB6VMROUBLZ96,HK,
836800R59NKEPDR6I240,KY,
84BUTVXV5ODI6BXNMH43,US,
84S0VF8TSMH0T6D4K848,GB,
851WYGNLUQLFZBSYGB56,DE,
85OKW2SW05RZFQS1W718,FR,
8755001AHUE95IP3N708,DE,
875500621B7PNY27ZT78,LU,
8755006LY8XNRFOGWN86,CL,
875500CL3FE5DDDRDS76,DE,
875500KAF75J5845AA17,KY,
875500KSMQKW1JYCSJ53,HK,
875500NPD5CNM7XU4B55,KY,
875500QS066FGANUJZ05,PT,
875500W7WGQNQWSP6E89,AU,
88CPW63VL7KHJWS0NY83,US,
88Q84GB3X55CF5OC7582,US,
88V8C2WYSOD1SPSSLH72,US,
8945000H8LYRMZVC7D38,US,
8945001NQLE3Q1K9DG21,LU,
8945002DGA3BBXO3N634,GB,
8945003E8R4T2TZ7G795,CA,
8945004K4ROMJFAF0241,BM,
8945004N7TZJ8ITT3F65,SE,
8945004UQXDLRHI1KJ27,NL,
89450063PHPS61USMT84,US,
8945006LEXV2KWSWVP51,LU,LU
8945006UT2CWIRXJSL95,LU,
89450071QI2G8XS48K39,GB,
894500774THBEXVXPT47,CH,
8945007GOHIWZSCGA943,CH,
8945007O2R7BKD4GPB78,DE,
8945008WQ14ERHVNG115,VG,
8945009LCLS92V4AK321,UA,
894500BIY1Z9MG9QB745,DE,
894500BMHUSX4OEZXV50,DE,
894500C0TCVBHY3RSI36,DE,
894500CA1XTDSTWJ1T79,MT,
894500CX5LI3HIC87H85,EG,
894500E169R5PJMZQT84,LU,
894500E7NLBY9VZRT696,CA,
894500FEAHX2CLWHGX30,BE,
894500FVP65TB5QVZL54,NL,
894500G58U7EW07EK366,LU,
894500GB8PFCYMINHU19,GB,
894500GQYEMNWDQDTG16,DE,
894500GT98O6NG4J1Y55,AT,
894500HMO5VDID3A1B58,NO,
894500HR4WSN0TNS0D12,GB,
894500J169Z6W9BONI71,DE,
894500KLOKHY6FFDSA39,NL,
894500KNJ335U7DXN325,GB,US
894500MW2EGOJ4IUFI24,CH,
894500N14T2GUDX0FL66,LU,
894500N222D2O9WACX12,LU,
894500N8J2QVEYP0UI86,LU,
894500NOJNQ5P7MPGZ46,FR,
894500OUQ4ZISGHL6D27,DE,
894500PJ28XTH66K4X83,FR,
894500PJZPJZ8J3N2H78,LU,
894500RPL6ZD1OGZU914,LU,
894500RSO1YPTB2KXD16,DE,
894500SKZV4JDP64R249,LU,
894500SN5GTABFSFWS54,AT,
894500SVGSGQSFLX8P90,NL,
894500SWE1RCMBL76273,DE,
894500TJSDWHQ0T1MB74,DE,
894500TX134IMF6NW757,CA,
894500VA5MHF35077625,DE,
894500VDP08MVIZ6OA60,LU,
894500W0C55HJG1HFU36,DE,
894500WRW54CVN62K416,AU,
894500XCISTSIYRNNW65,NL,
894500XO86FKXQGPYV71,CA,
894500ZDIIAOXSQHE612,AU,
8B4EZFY8IHJC44TT2K84,CL,
8B4SQYKBT0O13V7EP290,CH,
8ER8GIG7CSMVD8VUFE78,DE,
8I5DZWZKVSZI1NUHU748,US,
8JB38FFW1Y3C1HM8E841,US,
8M3THTGWLTYZVE6BBY25,US,
8MCWUBXQ0WE04KMXBX50,US,
8MNFJR7KOMBQ7X62LK44,US,
8MYN82XMYQH89CTMTH67,US,
8R95QZMKZLJX5Q2XR704,GB,
8RS0AKOLN987042F2V04,US,
8SVCSVKSGDWMW2QHOH83,GB,
8T2ZO87FU1KVPZIG9I59,US,
8WDDFXB5T1Z6J0XC1L66,US,
8WH0EE09O9V05QJZ3V89,US,
8YQ2GSDWYZXO2EDN3511,US,
9598000KQHFX2BBJ0T57,ES,
95980020140005007414,ES,
95980020140005007996,ES,
95980020140005024777,ES,
95980020140005209562,ES,
95980020140005325962,ES,
95980020140005374753,ES,
95980020140005439549,ES,
95980020140005448376,ES,
95980020140005484363,ES,
95980020140005552166,ES,
95980020140005558665,ES,
95980020140005559247,ES,
95980020140005693107,ES,
95980020140005848404,ES,
95980020140005878086,ES,
95980020140005881190,ES,
95980020140005953746,ES,
95980020140005970915,ES,
95980020140005983913,ES,
9598002U9BK2VP1RTG14,ES,
9598003BHZ02SG7LKD16,ES,
9598003HCBBUMJ9HTD63,ES,
9598003K96HGPNH68A20,ES,
9598004A3FTY3TEHHN09,ES,
95980056ZV7QYXXT0W45,ES,
9598005PES4RFUNB2N37,ES,
9598005UM3FRXCB70Y04,ES,
9598006NADCDHBCA0B85,ES,
9598006P00EGK6U2SG18,ES,
9598007A56S18711AH60,ES,
9598008M1AQYCAQ02G43,ES,
959800A28XVZHWR97H23,ES,
959800B2SA7684UFA098,ES,
959800BV22XY8K22ZD24,ES,
959800BYDMFZGPTXHN28,ES,
959800D5SDA4R1CG7K10,ES,
959800DL7E0ZMP5J4H11,ES,
959800DQQUAMV0K08004,ES,
959800FW4JL65YWSQ217,ES,
959800G42HFTN7MWAY79,ES,
959800GVBTF96PA8QX52,ES,
959800H48E7PHGHK0F15,ES,ES
959800HSSNXWRKBK4N60,ES,
959800J76YJMWZP6S661,ES,
959800JMZW3HYQVLKG81,ES,
959800JPK3E4Q2JP2235,ES,
959800K24LB8NMVR7K61,ES,
959800KASH3LCM57Q344,ES,
959800L8KD863DP30X04,ES,
959800LLE9GAYF6MRD97,ES,
959800M1FVPL5BMW3R13,ES,
959800MAFGMXMGJHCH48,ES,
959800ME1YY1VF28Z615,ES,
959800MWMYPJ4TSSW126,ES,ES
959800MXN17MGD7BY637,ES,
959800N1KRMBQ173WM14,ES,
959800N7E9ZKWFZ5XR96,ES,
959800NB7DAXHRPMSD88,ES,
959800Q8EL9JEBAHH015,ES,
959800QEUH8V5SPPCB45,ES,ES
959800R7QMXKF0NFMT29,ES,
959800RPA4CYGMN86G20,ES,
959800RQJLU7MG8QHW51,ES,
959800SEC475WUUL9J25,ES,
959800SNQAKVSTR20G68,ES,
959800T4M5QUPYMSCH69,CL,
959800TBLGGMEWK2HF47,ES,
959800TXY1WYGY86AR48,ES,
959800TZHQRUSH1ESL13,ES,
959800UX11RBJMFY0L91,ES,
959800XDZEM9FGN2F384,ES,
959800XKAB9VNAVN9425,ES,
959800Y87BK35RUBP092,ES,
959800Y8LQ5MR2YZ4N96,ES,
959800YT7DABM3T8S817,ES,
95RWVLFZX6VGDZNNTN43,CA,
9676003JDGYZ0V9FF348,BE,
9676009U2B9KFVJFUF64,DE,
967600F3Z309ZOQPLI84,DE,
967600LT9MY90VC0Y128,DE,
967600NNIKM0F3MUWP36,DE,
967600Q53854Z2NBCC81,DE,
967600QYEHQ3QNGRQG20,LI,
967600V011J0F1GJ4789,DE,
967600ZMUEL6RJMKPP61,DE,
96950001WI712W7PQG45,FR,
9695000537F9F73BXN18,FR,
969500081CGAXB7YS433,FR,
9695000EHMS84KKP2785,FR,
9695000YG7TR7PAP0L59,FR,
96950015FU78G84UIV14,FR,
96950015LNMQ336X4W81,FR,
969500161UMNDC85C891,FR,
969500183Z46A3QF8W69,FR,FR
9695001J8OSOVX4TP939,FR,
9695001VLC2KYXX0DW73,FR,
96950025N07LTJYFSN57,FR,
9695002BGH4R9KJFC936,FR,
9695002JF900PZD9TO50,FR,
9695002OY2X35E9X8W87,FR,
9695002SV2VP9CU42826,FR,
96950032TUYMW11FB530,FR,
96950037FKVH5JOEKU82,FR,
9695003E4MMA10IBTR26,FR,
9695003L69OAFQ15LD18,FR,
96950041VJ1QP0B69503,FR,
9695004GI61FHFFNRG61,FR,
9695004RTVK8D9VA8F57,FR,
9695004S3RCE0Q5V8G28,FR,
9695004TMMZ3JBKJO332,FR,
96950056ULJ4JI7V3752,FR,
9695005MSX1OYEMGDF46,FR,
96950065LBWY0APQIM86,FR,
96950066U5XAAIRCPA78,FR,
96950067NFR9MWI0CJ45,FR,
9695006LOD5B2D7Y0N70,FR,
96950071P46KYOLK8B94,FR,
96950077L0TN7BAROX36,FR,
9695007T2M60BV5YWT79,FR,
9695007ZEQ7M0OE74G82,FR,
9695008EGX5O9K1MS743,FR,
9695008K5N8MKIT4XJ91,FR,
969500901GY8ZCBR6Y85,FR,
96950090CGKLVXEKWF10,FR,
96950091FL62XSLPHO35,FR,
9695009BGMXB527HV965,FR,
9695009HXSFK8D6V0T62,FR,
9695009KQA7MMTQL8E07,FR,
9695009KV7AFPDEI5S30,FR,
969500A1YF1XUYYXS284,FR,
969500A4MXJ3ESPHK698,FR,
969500A5KNK9VZQKNQ79,FR,
969500AI7V5V0J9TOU58,FR,
969500AIOJG7FHMDYZ30,FR,
969500AQW31GYO8JZD66,FR,
969500ASAFSVN9KVC873,FR,
969500BH61SHYYBTJQ29,FR,
969500BNA2YRNE1R5K91,FR,
969500BWNQ1B0PI06I59,FR,
969500BY8TEU16U3SJ94,FR,
969500BZJ49IICIBZZ08,FR,
969500C0AIAGQWZGJO13,FR,
969500C0PA29TV19CT55,FR,
969500C656AA39O94N60,FR,
969500C9913Z7PKUGB44,FR,
969500CE0IE2EZ5VBG13,FR,
969500CN2FOU71HFHW51,FR,
969500D3CIL5P47FL803,FR,
969500D5PFMTWUYSUF61,FR,
969500D9BIKJL7H9TB80,FR,
969500DCZL54LLTFEM37,FR,
969500DXABUESL2F1Z26,FR,
969500E0I6R1LLI4UF62,FR,
969500E7V019H9NP7427,FR,
969500F0VMZLK2IULV85,FR,
969500F7036FEDYPRV54,FR,
969500F7JLTX36OUI695,FR,
969500FCVQ5SLAAUJV59,FR,
969500FO141C5967KC72,FR,
969500FYPDQY3Y12Z881,FR,
969500FZ9BTRZS3JNB97,FR,
969500GVS02SJYG9S632,FR,
969500HCJLWDO4YCYT40,FR,
969500HGPPEHSTNJFW57,FR,
969500I3QVK40XEORU25,FR,
969500I7C8V1LBIMSM05,FR,
969500I7CS80FNB7CZ43,FR,
969500ICGCY1PD6OT783,FR,
969500ICOLJMB33J0L87,FR,
969500J6JIKQCN6GP325,FR,
969500JEKMZT5J60K945,FR,
969500JK1O192KI3E882,FR,
969500JMEZ4VXSTUMV07,FR,
969500JRJW0K2ET1UP76,FR,
969500K2MUPSI57XK083,FR,
969500K59E47ULNCAQ69,FR,
969500K59WA6SGV1YD65,FR,
969500KCGF3SUYJHPV70,FR,
969500KDAUM9TYWQTR36,FR,
969500KMUQ2B6CBAF162,FR,
969500KN90DZLHUN3566,FR,
969500L0T16HX3R78P61,FR,
969500LCBOG12HXPYM84,FR,
969500LENY69X51OOT31,FR,
969500LHIH3NT7PK1V89,FR,
969500LMMR83QL6TLK43,FR,
969500LMWJBG5RHVJV88,FR,
969500LYSYS0E800SQ95,FR,
969500M98ZMIZYJD5O34,FR,
969500MCOONR8990S771,FR,
969500MOCLNQFNZN0D63,FR,
969500N2QX5LGFFZ0I67,FR,
969500N6AVPA51648T62,FR,
969500NMI4UP00IO8G47,FR,
969500NWR67ONUJD4A26,FR,
969500O2QYH3YW92C551,FR,
969500O7DJZNM0F0Z036,FR,
969500OQXKE5WDM9M994,FR,
969500OWZSKPHFETVI96,FR,
969500P04DQJS4BPM574,FR,
969500P2Q1B47H4MCJ34,FR,
969500P4HYOPYINEPE06,FR,
969500P8M3W2XX376054,FR,
969500PB4U31KEFHZ621,FR,
969500PJMBSFHYC37989,FR,
969500Q2PFTTP0Y5QL44,FR,
969500Q51JTZKFW62B83,FR,
969500Q5Q4ZCM34G0855,FR,
969500QISBFB1NW4SX83,FR,
969500QKVPV2H8UXM738,FR,
969500QZC2Q0TK11NV07,FR,
969500R4CLSQFTYYI535,FR,
969500R4CNOWWRJ6J747,FR,
969500R96XT7XY2UJ564,FR,
969500R9ENNIN33POO20,FR,
969500SA2FHM81LPJ311,FR,
969500SHQITWXSIS7N89,FR,
969500STN7T9MRUMJ267,FR,
969500T1UBNNTYVWOS04,FR,
969500TGV20DWSIW1W82,FR,
969500TJ5KRTCJQWXH05,FR,
969500TJNS5GSFWJ8X85,FR,
969500TPU5T3HA5D1F11,FR,
969500TQ4OAZZXSUPZ18,FR,
969500TVVZM86W7W5I94,FR,
969500U2ZH7ARB744A12,FR,
969500UCL6ROAHVXQV60,FR,
969500UDH342QLTE1M42,FR,
969500UDOCU0ZBDSQN62,FR,
969500UHP35QWCZ0F449,FR,
969500UIC89GT3UL7L24,FR,
969500ULNMJWJWCKM704,FR,
969500UX71LCE8MAY492,FR,
969500V058ZSY03FNX80,FR,
969500V3L9W19NIA5E82,FR,
969500VHB915A1KNKW44,FR,
969500VRSFWX7S1P2M29,FR,
969500VX2NV2AQQ65G45,FR,
969500VZN4KDEZ14C105,FR,
969500WEPS61H6TJM037,FR,
969500WP61NBK098AC47,FR,
969500X711HT6Q60P382,FR,
969500X7E3U7ZNH95E23,FR,
969500XDD6FGCN8BCJ47,FR,
969500XXRPGD7HCAFA90,FR,
969500Y0L922VYT3UI51,FR,
969500Y6KLTVY0FYAX02,FR,
969500Z8LOO0H8JY2E60,FR,
969500ZVXDEW43J4LH50,FR,
98450001B6E3050FE742,GB,
98450007CP3E2ABFF983,DE,
98450008OCFDE5EVAA96,GB,
9845000979865101C194,US,
9845000C1FYE89DC8677,FR,
9845000D787B2F5R0E25,CH,
9845000E49865VT3N679,FR,
98450010E2BCC5B78608,GB,
9845002AC2D55DFID596,IE,
98450036A07991DEBF10,LU,
98450037C86S9A378885,FR,
9845003CA5664B741N19,US,
9845003CBAF81F6E7263,DK,
98450042CB8C37AC3984,CH,
98450044C9BACG3DA974,DE,
98450044E5CBJ9BB0A77,LU,
98450046C4Z35AF35258,GB,
9845004C0870D380O790,GB,
9845004DY0E7D3E2E713,IE,
9845004ECK3FYO64I382,GB,
9845004EH88ADEFC6867,HK,
9845004RA13CB686AA05,US,
984500511DP2B6186053,US,
984500555ED7B8666028,GB,
98450057058CDE2E9650,GB,
984500578YEA8DD41B09,AT,
98450059DQ10TFC4B020,BM,
9845005C06B3EFB6A845,CH,
9845005E95899E77AY49,DE,
9845005YBZ75E5AA3B94,LU,
9845006BC9D1A77B8178,GB,
98450079DA0B78DD6764,US,
9845008AEF61S9A2LB52,SG,
9845008C1QFC4A49E084,EC,
9845008F9A5F2E1D4832,US,
984500911D9B7B4D7533,NL,
984500942ABSAN9EC014,DE,
98450097544A7414E109,IE,
98450099V56Z7DB78D05,PY,
9845009A70B44Q680820,NL,
9845009CJ6BB5DF93720,CH,
9845009E55B10015C030,CH,
9845009PB84F72HF1C45,GB,
984500A1D5DC9ECC7050,SE,
984500A2C9718E2FC295,DE,
984500A65A9BPC25DE59,LU,
984500A7D98EE9D8H882,DK,
984500A7TBFA80CMC221,DE,
984500A80C777F496830,GB,
984500A951B67F48BC43,DE,
984500ADAFC8457CCC79,DE,
984500AFADC8U00FA581,DE,
984500B07543RA953A98,US,
984500B07798DC788F35,NO,
984500B7D8B9B67D0630,LU,
984500BDD434E02A0E56,CA,
984500BF6DNA0FB56909,GB,
984500CB9F9247B94843,AT,
984500CDDEAD6C2EDQ64,GB,
984500D1LF68FBA57F13,GB,
984500D2C0CDC0BFDD35,MX,
984500D5BAA7560EKJ44,US,
984500D7B1EFD7460452,SE,
984500DE088QEE80G074,MT,
984500E4L49391BFF948,CA,
984500E7C5X6C44EF109,NO,
984500ED2ABF0UF46690,NL,
984500EFUA6B94S7DE96,GB,
984500JFB7AFK4B6C829,JE,
984500LCDABFQ074E423,AT,
984500N710D2A3DVT591,MT,
984500NRF59D5DB9B654,LU,
984500P7FADAA3A50B04,BM,
984500RFEE79061F5363,DE,
984500SE38C07DB47A90,GB,
984500V5401EFT095A58,VG,
984500Y1DA5A58ICE336,US,
9884000N94NH7G6LQ816,KR,
9884002388OXGHIPLD14,KR,KR
9884002AAOBT56QW9B80,KR,
988400471QDZGCLXRM35,US,
98840072S6T63E2V1291,KR,
9884007L6E9UAWKGCX42,KR,
9884008CRY5MLCN8OQ43,KR,
9884009ZN0XE8VIPAC02,KR,
988400CWZV96ODKK0G93,KR,
988400EB8A6G49E5KO54,KR,
988400EZO9DR1OFL5772,KR,
988400IES4EIG7O06940,KR,
988400P76EU13V47BI82,KR,
988400QG33WS7JEIV602,KR,
988400QX6P286XA6ZS85,KR,
988400RMQFTGZIOG0609,KR,
988400S1WSELQL3GVR75,KR,
988400SAX0Q74FRA9981,KR,
988400TFZILHBD5M3R71,KR,
988400ULUQYDB2HQYJ61,KR,
988400V8MJK9N7OI5X76,KR,
988400ZKCI3R9DQHR320,KR,
988400ZTQ08W926ONT36,KR,
98INKCEEHOU5YJS0HQ88,AU,
98TPTUM4IVMFCZBCUR27,CA,
9C1X8XOOTYY2FNYTVH06,US,
9CZ7TVMR36CYD5TZBS50,LU,
9DJT3UXIJIZJI4WXO774,US,
9ET6B8VCXWW51H8Z3M54,US,
9KOGW2C2FCIOJQ7FF485,CZ,
9N0FWODEJVKHC2DYLO03,US,
9NHEHR1SOZCYXDO8HO28,US,
9P9HXM53DT5S724JQ665,IE,
9R1Z5I36FERIBVKW4P77,US,
9ZHRYM6F437SQJ6OUG95,AT,
A23RUXWKASG834LTMK28,US,
A25574TZFLBNK7NWQT47,CA,
A5GWLFH3KM7YV2SFQL84,BE,
A6NZLYKYN1UV7VVGFX65,BE,
A89MY1K3YLIGJMYWVX50,US,
ACMHD8HWFMFUIQQ8Y590,AU,
AENKIFMULUAWOUU8Q584,US,
AI8GXW8LG5WK7E9UD086,US,
APVBKPOULHUX7YZLKU17,US,
AR5L2ODV9HN37376R084,US,
ATUEL7OJR5057F2PV266,SG,
AUHIXNGG7U2U7JEHM527,US,
AZ3NL8JCZDCNUXFWI720,GB,
B0I35MLPFXZSE70ASS73,US,
B1V7KEBTPIMZEU4LTD58,US,
B3BS7ACMDUWISF18KY76,CA,
B3DXGBC8GAIYWI2Z0172,US,
B4TYDEB6GKMZO031MB27,US,
B64D6Y3LBJS4ANNPCU93,NL,
B6Q2VFHD1797Q7NZ3E43,US,JP
B81CK4ESI35472RHJ606,DE,
B85ZYWEZ5IZCZ2WNIO12,TR,
B8PTJH2P0AXSWSMP2136,US,
BFM8T61CT2L1QCEMIK50,CH,
BFXS5XCH7N0Y05NIXW11,NL,
BN6WCCZ8OVP3ITUUVN49,GB,
BOMSTHHJK882EWYX3334,US,
BPF79TJMIH3DK8XCKI50,GB,GB
BQ4BKCS1HXDV9HN80Z93,US,
BR7Z6BPTFF652NNO9651,IE,
BSGEFEIOM18Y80CKCV46,CA,
BUCRF72VH5RBN7X3VL35,IT,
BVHHEFJI6SHNOKQT2572,US,
BZLRL03D3GPGMOGFO832,US,
C33G1C5SYE2YM95EE712,LU,
C3GTMMZIHMY46P4OIX74,JP,
C4BXATY60WC6XEOZDX54,US,
C7PVKCRGLG18EBQGZV36,CA,
CAF7KSNT1N0CTA93RI98,LU,
CCU46N3GJMF4OK4N7U60,US,
CD30XVRLT4QO00B1C706,US,
CD4SPTZ3YBTHY0C1AH38,US,
CFGNEKW0P8842LEUIA51,US,
CI7MUJI4USF3V0NJ1H64,US,
CKDHZ2X64EEBQCSP7013,US,
CO6GC26LCGGRTUESIP55,HK,
CQ7WZ4NOFWT7FAE6Q943,US,
CQKUMNNZVDJLRYV2PT43,US,
CUMYEZJOAF02RYZ1JJ85,US,
CVRWQDHDBEPUUVU2FD09,FR,
CW05CS5KW59QTC0DG824,US,
CWAJJ9DJ5Z7P057HV541,US,
CXUHEGU3MADZ2CEV7C11,CY,
CY1NFSCCB5GUXC7WZC70,US,
CZ6VG2MNE1J6YDI02G48,US,
CZCBJZWDMLTHWJDXU843,US,
D01LMJZU09ULLNCY6Z23,US,
D1HEB8VEU6D9M8ZUXG17,AT,
D3K6HXMBBB6SK9OXH394,BE,
D3W7PCXCBRQLL17DZ313,US,
D56MRZY2INAN94ZONZ37,US,
D71FAKCBLFS2O0RBPG08,US,
D8YOXB8L2ZDC8P7Q0771,US,
D981X4Z4RWS7PDMJUZ03,US,
DDX3MPX1Y8YD30050X33,US,
DG3RU1DBUFHT4ZF9WN62,NL,
DIZES5CFO5K3I5R58746,DE,
DKGVVH5FKILG8R13CO13,FR,FR
DKOVQUCDW4ZLYCUD4T55,US,
DLZO3A31IADZ27B62557,US,
DOL4HJ22ADYSIWES4H94,BM,
DPRBOZP0K5RM2YE8UU08,US,
DS830JTTZQN6GK0I2E41,US,
DSNHHQ2B9X5N6OUJ1236,DE,
DW4Z57L3G4IRMHYZYK62,US,
DX5HQV5MLU50FEWZ5072,US,
DX6GCWD4Q1JO9CRE5I40,US,
DX6I6ZD3X5WNNCDJKP85,US,
DYTQ8KRTKO7Y2BVU5K74,US,
DZZ47B9A52ZJ6LT6VV95,DE,
E0KSF7PFQ210NWI8Z391,US,
E26EDV109X6EEPBKVH76,GB,
E4BJRFT3MF4GJDY1SC50,US,
E8CD46SWUD2TSN8PA636,US,
ECTRVYYCEF89VWYS6K36,GB,
EDBQKYOPJUCJKLOJDE72,US,US
EF9UQIIO4KY2BWOK3P26,US,
EFQMQROEDSNBRIP7LE47,US,
EK6GB9U3U58PDI411C94,BM,
EN5TNI6CI43VEPAMHL14,AU,
ENYF8GB5SMQZ25S06U51,US,
ERE94C0BSULG2RM19605,SE,
ERO1WSFOSR0JJ6CRQ987,US,
ES7IP3U3RHIGC71XBU11,CA,
EV2XZWMLLXF2QRX0CD47,SE,
EXKDMVYZD1BRX1AH7433,AT,
EZKODONU5TYHW4PP1R34,DE,
F0HUI1NY1AZMJMD8LP67,FR,
F1OF2ZSX47CR0BCWA982,BM,
F3JS33DEI6XQ4ZBPTN86,SE,
F4G136OIPBYND1F41110,FR,
F5WCUMTUM4RKZ1MAIE39,FR,
F8SB4JFBSYQFRQEH3Z21,AU,
FCNMH6O7VWU7LHXMK351,US,
FDPVHDGJ1IQZFK9KH630,US,
FGLT0EWZSUIRRITFOA30,US,
FI94J2CJ1D7BIGVMS874,US,US
FJDBAXYL0TCMGLPQ4563,AT,
FJSUNZKFNQ5YPJ5OT455,US,
FN7P4E7K9JOBORDEUX61,US,
FPCHGTHKVH9ZWXS7S453,GB,
FR5LCKFTG8054YNNRU85,US,
FRDRIPF3EKNDJ2CQJL29,US,
FRKKVKAIQEF3FCSTPG55,US,
FU4LY2G4933NH2E1CP29,US,
FXB7X4WXVA8QPMNOGS12,US,
FXM8FAOHMYDIPD38UZ17,US,
FY8JBF7CCL2VE4F1B628,US,
G05OZ4J4E05KDATL0J93,BE,
G1MLHIS0N32I3QPILB75,US,
G5GSEF7VJP5I7OUK5573,GB,
GA3JGKJ41LJKXDN23E90,US,
GBQKSY6W7G0OHCQ8OQ72,GB,
GCT7RXJOGLXPV0NXZY22,US,
GI7UBEJLXYLGR2C7GV83,US,
GKOMIK4RDJGHEF0VNP11,US,
GL16H1DHB0QSHP25F723,US,
GLS7OQD0WOEDI8YAP031,CA,
GLU7INWNWH88J9XBXD45,US,
GOXNEVUM0LL78B1OS344,US,
GP5DT10VX1QRQUKVBK64,DK,
GR3KVMWVCR54YWQNXU90,US,
GTQYZJON3I7SXRNJTT73,DE,
GYVOE5EZ4GDAVTU4CQ61,US,
H0YX5LBGKDVOWCXBZ594,SE,
H1FJE8H61JGM1JSGM897,NL,
H1J8DDZKZP6H7RWC0H53,US,
H36E1IF6YS0OBMHM6168,US,
H3F39CAXWQRVWURFXL38,US,
H7FNTJ4851HG0EXQ1Z70,GB,
HCHV7422L5HDJZCRFL38,US,
HD52L5PJVBXJUUX8I539,DE,
HDBLS2Q6GV1LSKQPBS54,US,
HGBOLILQXWER4SAL2I23,US,
HHWAT5TDOYZMM26KKQ73,US,
HHX3T53LK1P186EUNV37,AT,
HKUPACFHSSASQK8HLS17,US,
HL3H1H2BGXWVG3BSWR90,US,
HL5XPTVRV0O8TUN5LL90,US,
HLYYNH7UQUORYSJQCN42,US,
HO1QNWM0IXBZ0QSMMO20,US,
HQD377W2YR662HK5JX27,US,
HTQNUFL6OI5TZ7V7SI73,CH,
HUX2X73FUCYHUVH1BK78,US,
HV5W8PGLJ127N2SFSM23,CH,
HWUPKR0MPOU8FGXBT394,US,
HYBZ5SXKW67ICKUUWH81,TT,
HZFDOR6TCRSIQLKQTX32,DE,
HZSN7FQBPO5IEWYIGC72,NZ,
I03QQGEA4SS774AURI46,US,
I07WOS4YJ0N7YRFE7309,US,
I1BZKREC126H0VB1BL91,US,
I6SS27Q1Q3385V753S50,AT,
I6USJ58BDV2BO5KP3C31,CZ,
I7ETN0QQO2AHZZGHJ389,NO,
I9Q57JVPWHHZ3ZGBW498,US,
ICE2EP6D98PQUILVRZ91,US,
IGJSJL3JD5P30I6NJZ34,US,
ILUL7B6Z54MRYCF6H308,US,
IM7X0T3ECJW4C1T7ON55,US,
INR2EJN1ERAN0W5ZP974,US,
IO66REGK3RCBAMA8HR66,SG,
IOG4E947OATN0KJYSD45,FR,
IPLPO8C7P68Q5FFRI280,CH,
ISRPG12PN4EIEOEMW547,US,
IU7C3FTM7Y3BQM112U94,US,
IWUQB36BXD6OWD6X4T14,US,
IXBXSCONLDQ1ZI73YU71,US,
IYKCAVNFR8QGF00HV840,CZ,
IYX6OWO7BT5DKO3BYG52,US,
J3WHBG0MTS7O8ZVMDC91,US,
J4CP7MHCXR8DAQMKIL78,IT,
J5OIVXX3P24RJRW5CK77,US,
J75GNWGEO73W89ZV3S44,US,
JHE42UYNWWTJB8YTTU19,AU,
JHR9V15J0ZRG02MIRD06,US,
JLP5FSPH9WPSHY3NIM24,NL,
JLS56RAMYQZECFUF2G44,BE,
JM1I5YUAURL6DC8N1468,US,
JNLUVFYJT1OZSIQ24U47,US,
JO5M6676RDJIZ2U8X907,US,
JSMX3Z5FOYM8V0Q52357,US,
JU1U6S0DG9YLT7N8ZV32,PT,
JUJNVZX73BIYHLR58F51,US,
JWBYHVQVMY66CVCOSO49,US,
K05C0SER542GQ6VLRO68,US,
K1MOBB3OPSBBQO554R76,CH,
K1OQBWM7XEOO08LDNP29,US,
K2NEH8QNVW44JIWK7Z55,LR,
K8MS7FD7N5Z2WQ51AZ71,ES,
K9G90K85RBWD2LAGQX17,US,
KAF673KJXD92C8KSLU49,US,
KB1H1DSPRFMYMCUFXT09,US,
KEIOKM01PSK5VZ5CCI74,US,
KFFV4ZWM9DJH1ND3BD89,US,
KGCEPHLVVKVRZYO1T647,BE,
KK5MZM9DIXLXZL9DZL15,US,
KNIRVXKVNJJ4P8OTMS63,US,
KNX4USFCNGPY45LOCE31,US,
KOO0397YRO83WY5MGD97,US,
KR6LSKV3BTSJRD41IF75,CZ,
KVIPTY4PULAPGC1VVD26,JP,
KY37LUS27QQX7BB93L28,CH,
L2Z2MO2EQURH3BREWI15,US,
L33L76GHI1OSBKDQ2623,NZ,
L3CJ6J7LJ2DX62FTXD46,US,
L3I9ZG2KFGXZ61BMYR72,CA,
L6D8A6MLSY454J2JXJ60,US,
L6KC0HABGHNFU1Z6QY21,US,
LAXUQCHT4FH58LRZDY46,FR,
LCZ7XYGSLJUHFXXNXD88,US,
LGJNMI9GH8XIDG5RCM61,US,
LIU16F6VZJSD6UKHD557,DK,
LMPL4N8ZOJRMF0KOF759,US,
LONOZNOJYIBXOHXWDB86,US,
LOO0AWXR8GF142JCO404,IT,
LORM1GNEU1DKEW527V90,US,
LQPXMHHNJKIPJYE53543,CA,
LTKX5ODQW6Z7BQ2K1V47,US,
LTS3U8DGK38SETRUWX71,US,
LUZQVYP4VS22CLWDAR65,US,
LWXX58X12AJXISQ28573,US,
LYOM0B2GCF1JWXK5ZG04,US,
LZ2C6E0W5W7LQMX5ZI37,DE,
M312WZV08Y7LYUC71685,SE,
M31AVDIX8NY21MAUQF46,GB,
MAES062Z21O4RZ2U7M96,DK,
MB0UERO0RDFKU8258G77,US,
MF62XBVMNYTYMC18DL76,US,
MFQO711J5UPYBWXSPG12,GB,
MGCJBT4MKTQBVLNUIS88,US,
MI3TLH1I0D58ORE24Q14,LI,
MIHC87W9WTYSYZWV1J40,US,
MINO79WLOO247M1IL051,NL,
MJZFGXRJ52U8U4MKJ519,US,
MLU0ZO3ML4LN2LL2TL39,GB,
MP3J6QPYPGN75NVW2S34,US,
MP6I5ZYZBEU3UXPYFY54,GB,
MR92GTD0MJTTTTQDVG45,US,
MSD54751OJP1FS2ND863,US,
MSFSBD3QN1GSN7Q6C537,AU,
MTLVN9N7JE8MIBIJ1H73,US,
MWIUSDMN17TCR56VW396,US,
MYF1DAS6G5WY7PRWCU78,US,
N1GZ7BBF3NP8GI976H15,US,
N32S6DTR2ZZ5222WHV58,US,
N747OI7JINV7RUUH6190,IT,
N7LGVZM7X4UQ66T7LT74,NZ,
N8O96ZZJQRFYQUJY7K79,US,
NFONVGN05Z0FMN5PEC35,FR,
NGIZXNT70J2LYT3FBI09,US,
NHBDILHZTYCNBV5UYZ31,SE,
NI14Y5UMU60O7JE9P611,CH,
NINLOILYRTLIMK26MZ18,US,
NKNQHM6BLECKVOQP7O46,US,
NNVPP80YIZGEY2314M97,IT,
NONUZEX43GHIPSVDD938,US,
NQQ6HPCNCCU6TUTQYE16,CA,
NS54DT27LJMDYN1YFP35,AT,
NSLL8ITTRR0J5HEMR848,US,
O2RNE8IBXP4R0TD8PU41,FR,
O4QK7KMMK83ITNTHUG69,BM,
OBT0W1ED8G0NWVOLOJ77,US,
OC1LZNN2LF5WTJ5RIL89,US,
ODVCVCQG2BP6VHV36M30,US,
OKFF0PIZDDMNH4UCYE51,US,
OML71K8X303XQONU6T67,US,
OPX52SQVOZI8IVSWYU66,US,
OQ3T05P7YR8P5YJEVI93,GB,
OQQR1IQTGBKH0UR88X59,US,
OQSJ1DU9TAOC51A47K68,US,
OW6OFBNCKXC4US5C7523,NO,
OWUNCC6U1ZJXMZKFBJ36,US,
OZ7UA8IXAIFILY2VZH07,US,
P3CH2EG5X6Z1XWU1OO74,US,
P41R60HC414IWQA1XW02,US,
P4GTT6GF1W40CVIMFR43,PL,
PBBKGKLRK5S5C0Y4T545,US,
PBLD0EJDB5FWOLXP3B76,US,
PCTXNQGRJVR3OG33JG65,AU,
PCYSKIGYNYFDTBLVZU83,US,
PH3S12DWZBHHQKVYZ297,US,US
PJQDPSI1D8J2Q1IM3G17,ES,
PNWU8O0BLT17BBV61Y18,CH,
PO0I32GKZ3HZMMDPZZ08,US,
POOXSI30AWAQGYJZC921,US,
PP55B5R38BFB8O8HH686,US,
PQ0RAP85KK9Z75ONZW93,CY,
PQOH26KWDF7CG10L6792,AT,
PRAQ4VOSFIK7OQ8Z2512,CA,
PSNL19R2RXX5U3QWHI44,IT,
PT3QB789TSUIDF371261,CA,
PTCQB104N23FMNK2RZ28,GB,
PTVU09TE3QPJPL7K4E13,US,
PUSS41EMO3E6XXNV3U28,US,
PVJRP0EQNV6OGDPZGY95,US,
PWEFG14QWWESISQ84C69,DE,
PWFTNG3EI0Y73OXWDH08,US,
PY6ZZQWO2IZFZC3IOL08,GB,
PZ9HF5U52KPF0MH0QN75,US,
Q2CCMS6R0AS67HJMBN42,US,
Q47A62EK6GMSID3Y8C39,NL,US
Q9MAIUP40P25UFBFG033,DE,
QBKYQD0ODE7DC7PDIN91,US,
QE0Q0253K88YAGNPE356,BR,
QEKMOTMBBKA8I816DO57,US,
QG7T915N9S0NY5UKNE63,US,
QKL54NQY28TCDAI75F60,US,
QMPJLLDULY5C1M8PNY21,US,
QNWEWQBS7HP85QHXQL92,AU,
QTX3D84DZDD5JYOCYH15,US,
QUIX8Y7A2WP0XRMW7G29,US,
QUR0DG15Z6FFGYCHH861,US,
QVLWEGTD2S8GJMO8D383,US,
QXZYQNMR4JZ5RIRN4T31,US,
R0MUWSFPU8MPRO8K5P83,FR,
R2I72C950HOYXII45366,US,
R4PP93JZOLY261QX3811,US,
R64UBJHEC74EB3HGQ410,US,
R7CQUF1DQM73HUTV1078,LU,
R7NJHU48LTCIOB9BVU57,NZ,
R8V1FN4M5ITGZOG7BS19,US,
RB0PEZSDGCO3JS6CEU02,JP,
RB8RC03FUD8DSX57C193,LU,
RC71E2BZ6UOMFPDJSE79,US,
RCGZFPDMRW58VJ54VR07,US,
RGUZHJ05YTITL6D76949,US,
RI6HET5SJUEY30V1PS26,US,
RIFQSET379FOGTEFKS80,US,
RIL4VBPDB0M7Z3KXSF19,IS,
RIMU48P07456QXSO0R61,US,
RKPI3RZGV1V1FJTH5T61,US,
RLTHESQ0RNFQJWPBJN60,US,
RLUFFFFW4GRYU77BTS24,US,
RR3QWICWWIPCS8A4S074,GB,
RRUN0TCQ1K2JDV7MXO75,AT,
RUOKPID0PZ0UWJYU9J61,LU,
RV5B68J2GV3QGMRPW209,GB,
RVHJWBXLJ1RFUBSY1F30,US,
RVJMT2IZVVSKIRJJBH76,US,
RY1052DWLDPLDW74Y843,US,
RY5TAKFOBLDUGX31MS24,US,
S2M8QDKEE05NZN8JD460,GB,
S2PEWKCZFFECR4533P43,US,
S4BKK9OTCEWQ3YHPFM11,US,
S4G8DPIPDVCF6CB81Z61,US,
S6Q7LW43WUBUHXY2QP69,US,
S7DWAC87RDMPBF77GJ92,US,
SC4P6WZO702RYEIU7J93,HK,
SCRYQ25DTVRHYYMM6P89,MX,
SE8N1EZEHPZQBCBVKD53,US,
SGT8R1MU6ESIC7UJC518,US,
SGY07Y7FNYBNLM6Z1M11,US,
SHVRXXEACT60MMH07S24,US,
SI5RG2M0WQQLZCXKRM20,ES,
SJ7XXD41SQU3ZNWUJ746,US,
SM8L9RZYIB34LNTWO040,US,
SO75N4VY5NXGQSK8YQ65,US,
SQ95QG8SR5Q56LSNF682,US,
SQL3F6CKNNBM3SQGHX24,US,
SQOAGCLKBDWNVYV1OV80,US,
SS1TRMSN6BRNMOREEV51,US,
SU4X0P4WWRGOQDTSV032,US,
SYHS7HRDXLL4I0IQ8776,US,
T27JQIMTYSH41TCD5186,US,
T2E64KWP8B9GCLM28W20,US,
T2ZG1WRWZ4BUCMQL9224,US,
T4DHW82NMF6BXJT50795,US,
T4VNTWMFQ7JQB65L7T35,US,
T6IZ0MBEG5ACZDTR7D06,US,
T8KI5SQ2JRWHL7XY0E11,CA,
T9M5IGROL1TL1G5OV478,US,
TAE73CY392TBWJ3O3305,US,
TAFO772JB70PDRN5VS48,NL,DE
TC7LRO17HPNPLTAV0H77,AU,
TF3RXI1ZB1TQ30H9JV10,US,
THRNG6BD57P9QWTQLG42,US,
TINT358G1SSHR3L3PW36,GB,
TJ88LXZZW5PWIN93ZC81,CL,
TN0LL73P2C8X3W6KM391,US,
TO822O0VT80V06K0FH57,PT,
TPHWKPW6MRKN6NESLU52,US,
TSI2PJM6EPETEQ4X1U25,DE,
TTMIG9TE1S0X3ZPDHD61,AU,
TUKDD90GPC79G1KOE162,DE,
TWSEY0NEDUDCKS27AH81,US,
U4LOSYZ7YG4W3S5F2G91,GB,
U7LC4KOKCTZ0YWGI2G56,GG,
UASVRYNXNK17ULIGK870,US,
UDSQCVRUX5BONN0VY111,US,
UDTZ87G0STFETI6HGH41,US,
UE2136O97NLB5BYP9H04,US,
UFC8NYMNFSYIHNSM2I38,US,
UKZ46SXGNYCZK0UOZE76,VE,
UMI46YPGBLUE4VGNNT48,US,
UNZWILHE4KMRP9K2L524,BM,
UWJKFUJFZ02DKWI3RY53,US,
V0VY22PV9D0HFTF8EI62,AT,
V167QI9I69W364E2DY52,US,
V2UQUCDZJ9WY98W8QU33,US,
V82KK8NH1P0JS71FJC05,JP,
VA8TZDWPEZYU430RZ444,US,
VBHFXSYT7OG62HNT8T76,FR,
VDYMYTQGZZ6DU0912C88,DE,
VGRQXHF3J8VDLUA7XE92,US,
VH3R4HHBHH12O0EXZJ88,US,
VI90HBPH7XSFMB9E4M29,US,
VKU1UKDS9E7LYLMACP54,US,
VTBDOQJ6KOGQ6K786R46,US,
VVT2B79I2Z4U3R6BY589,GB,
VWMYAEQSTOPNV0SUGU82,ES,
VXB4M3BDPKF3I2AZ3G89,US,
VZFZPMWDHTQCFKYOBP05,US,
W7L3VLU8EHQY34Z36697,CA,
W8J5WZB5IY3K0NDQT671,US,
W9NG6WMZIYEU8VEDOG48,DK,
WAFCR4OKGSC504WU3E95,US,
WD6L6041MNRW1JE49D58,US,
WDJNR2L6D8RWOEB8T652,US,
WEQ82666OJYSI5GUAB47,US,
WFLLPEPC7FZXENRZV188,US,
WHENKOULSSK7WUM60H03,US,
WHKXQACZ14C5XRO8LW03,US,
WOCMU6HCI0OJWNPRZS33,IT,
WP5O65E6BMU84LNO4227,US,
WPTL2Z3FIYTHSP5V2253,US,
WRJR7GS4GTRECRRTVX92,US,
WUQXXXF7PXTUPGROE843,US,
WXD0EHQRPI7HKN3I5T57,GB,
X0MIGH67XZCB7HL1A534,US,
X2MT1W32SPAZ9WSKLE78,US,
X3CZP3CK64YBHON1LE12,NL,
X57JK1U580XATGR67572,GB,
XDFJ0CYCOO1FXRFTQS51,DE,
XFP140TFNOQMIVFTVQ13,US,
XJI53DCPL7QABOWK4Z75,US,
XN8R4HH1TVC1XOCL5P21,US,
XO75O7GICH1NPWLBRL05,US,
XQM2JINI1UL7642TU573,US,
XR64VGX1ZPX6G7ZN7Z11,US,
XRZQ5S7HYJFPHJ78L959,US,
XSGZFLO9YTNO9VCQV219,US,
XTC5E2QFTEF0435JWL77,NL,
XWTZDRYZPBUHIQBKDB46,US,
XXRTID9RYWOZ0UPIVR53,US,
XY0N0J73VHV5F4CUJV89,US,
Y6X4K52KMJMZE7I7MY94,US,
Y6ZDD9FP4P8JSSJMW954,US,
Y87794H0US1R65VBXU25,US,
YA13X31F3V31L8TMPR58,US,
YAWJZJYEQ7M1SYMOS462,US,
YF0Y5B0IB8SM0ZFG9G81,GB,
YG3575C4DSHJPA5KET68,US,
YG6VT0TPHRH4TFVAQV64,US,
YH0V7ZHY352ITDGEYB83,MX,
YH65D4JBECK76IFEJ279,US,
YHZHHIVHTKEV7XROHS46,IE,
YLF139GXSRKPBBTNZL03,US,
YM4O38W15AX4YLLQKU27,US,
YMEGZFW4SBUSS5BQXF88,US,
YY1J47X6LF9TYY8JY420,US,
Z15BMIOX8DDH0X2OBP21,US,
Z2VZBHUMB7PWWJ63I008,US,
Z6C0YCECH9DCU5ZIQW84,US,
Z6MHCSLXHKYG4B6PHW02,CA,
ZD2NBKV6GCC3UMGBM518,US,
ZDNAWZWXIKMWI51R2A08,US,
ZIMCVQHUFZ8GVHENP290,GB,GB
ZLECI7ED2QMWFGYCXZ59,GB,
ZP5ILWVSYE4LJGMMVD57,HK,
ZQUIP1CSZO8LXRBSOU78,US,
ZTMSNXROF84AHWJNKQ93,US,
ZU69GUVJQGZ6Z1UOOO79,US,
ZUE8T73ROZOF6FLBAR73,US,
ZUNI8PYC725B6H8JU438,US,
ZV20P4CNJVT8V1ZGJ064,US,
ZW1LRE7C3H17O2ZN9B45,US,
ZXJ6Y2OSPZXIVGRILD15,US,
ZXLTQRYIK6IJH3R0IK66,BR,
ZXTILKJKG63JELOEG630,US,
